CUSIP,field,excel,api,delta,status
3132WWYD8,Forward Yield,4.090000,4.095053,0.005053,ok
3132WWYD8,Effective Duration,3.750000,3.744857,-0.005143,ok
3132WWYD8,Effective Convexity,0.190000,0.186231,-0.003769,ok
3132WWYD8,Effective DV01,0.037000,0.036800,-0.000200,ok
3132WWYD8,Dollar Duration,743.000000,,,api_missing
3132WWYD8,1YR,0.030000,0.012900,-0.017100,mismatch
3132WWYD8,2YR,0.050000,0.048400,-0.001600,ok
3132WWYD8,3YR,1.300000,1.301800,0.001800,ok
3132WWYD8,5YR,2.370000,2.381700,0.011700,mismatch
3132WWYD8,10YR,0.000000,0.000000,0.000000,ok
3132WWYD8,20YR,0.000000,0.000000,0.000000,ok
3132WWYD8,30YR,0.000000,0.000000,0.000000,ok
3132WWYD8,Average Life,4.100000,3.188400,-0.911600,mismatch
3132WWYD8,LT CPR,,,,both_missing
3132WWYD8,OAS,67.000000,83.237300,16.237300,mismatch
3132WWYD8,Z-Spread,65.000000,81.705765,16.705765,mismatch
3132WWYD8,Factor,0.870000,0.869420,-0.000580,ok
3132WWYD8,Life CPR,0.000000,,,api_missing
3132WWYD8,GWAC,5.190000,,,api_missing
3132WWYD8,WALA,141.000000,,,api_missing
3132WWYD8,WALS,28789672.000000,,,api_missing
3132WWYD8,MaxServicerName,,,,ok
3132WWYD8,MaxServicerPercent,,,,ok
3132WWYD8,Eff. Dur,3.840000,3.732000,-0.108000,mismatch
3132WWYD8,DV01,0.040000,0.039626,-0.000374,ok
3132WWYD8,Dollar Return,7.770000,7.970301,0.200301,mismatch
3132WWYD8,Eff. Dur.1,3.790000,3.702600,-0.087400,mismatch
3132WWYD8,DV01.1,0.040000,0.037867,-0.002133,ok
3132WWYD8,Dollar Return.1,3.780000,4.069838,0.289838,mismatch
3132WWYD8,Eff. Dur.2,3.700000,3.644500,-0.055500,mismatch
3132WWYD8,DV01.2,0.040000,0.034628,-0.005372,ok
3132WWYD8,Dollar Return.2,-3.600000,-3.175180,0.424820,mismatch
3132WWYD8,Eff. Dur.3,3.660000,3.615700,-0.044300,mismatch
3132WWYD8,DV01.3,0.030000,0.033136,0.003136,ok
3132WWYD8,Dollar Return.3,-7.030000,-6.540899,0.489101,mismatch
3132XFJ25,Forward Yield,4.450000,4.447159,-0.002841,ok
3132XFJ25,Effective Duration,5.820000,5.818429,-0.001571,ok
3132XFJ25,Effective Convexity,0.420000,0.422183,0.002183,ok
3132XFJ25,Effective DV01,0.057000,0.056380,-0.000620,ok
3132XFJ25,Dollar Duration,8883.000000,,,api_missing
3132XFJ25,1YR,0.010000,-0.009400,-0.019400,mismatch
3132XFJ25,2YR,0.010000,0.008200,-0.001800,ok
3132XFJ25,3YR,0.020000,0.018500,-0.001500,ok
3132XFJ25,5YR,3.780000,3.792500,0.012500,mismatch
3132XFJ25,10YR,2.000000,2.008300,0.008300,ok
3132XFJ25,20YR,0.000000,0.000000,0.000000,ok
3132XFJ25,30YR,0.000000,0.000000,0.000000,ok
3132XFJ25,Average Life,6.700000,6.216700,-0.483300,mismatch
3132XFJ25,LT CPR,,,,both_missing
3132XFJ25,OAS,84.000000,91.427300,7.427300,mismatch
3132XFJ25,Z-Spread,83.000000,89.709213,6.709213,mismatch
3132XFJ25,Factor,1.000000,1.000000,0.000000,ok
3132XFJ25,Life CPR,0.000000,,,api_missing
3132XFJ25,GWAC,4.380000,,,api_missing
3132XFJ25,WALA,40.000000,,,api_missing
3132XFJ25,WALS,,,,both_missing
3132XFJ25,MaxServicerName,,,,ok
3132XFJ25,MaxServicerPercent,,,,ok
3132XFJ25,Eff. Dur,5.990000,5.838700,-0.151300,mismatch
3132XFJ25,DV01,0.070000,0.063794,-0.006206,ok
3132XFJ25,Dollar Return,12.180000,12.436343,0.256343,mismatch
3132XFJ25,Eff. Dur.1,5.900000,5.782000,-0.118000,mismatch
3132XFJ25,DV01.1,0.060000,0.059566,-0.000434,ok
3132XFJ25,Dollar Return.1,5.860000,6.196613,0.336613,mismatch
3132XFJ25,Eff. Dur.2,5.730000,5.668400,-0.061600,mismatch
3132XFJ25,DV01.2,0.050000,0.052047,0.002047,ok
3132XFJ25,Dollar Return.2,-5.450000,-5.004356,0.445644,mismatch
3132XFJ25,Eff. Dur.3,5.650000,5.611600,-0.038400,mismatch
3132XFJ25,DV01.3,0.050000,0.048704,-0.001296,ok
3132XFJ25,Dollar Return.3,-10.530000,-10.032352,0.497648,mismatch
3132XFJ41,Forward Yield,4.080000,4.084547,0.004547,ok
3132XFJ41,Effective Duration,3.480000,3.475848,-0.004152,ok
3132XFJ41,Effective Convexity,0.160000,0.159265,-0.000735,ok
3132XFJ41,Effective DV01,0.035000,0.034573,-0.000427,ok
3132XFJ41,Dollar Duration,9957.000000,,,api_missing
3132XFJ41,1YR,0.010000,-0.008000,-0.018000,mismatch
3132XFJ41,2YR,0.010000,0.011300,0.001300,ok
3132XFJ41,3YR,2.040000,2.049000,0.009000,ok
3132XFJ41,5YR,1.420000,1.423400,0.003400,ok
3132XFJ41,10YR,0.000000,0.000000,0.000000,ok
3132XFJ41,20YR,0.000000,0.000000,0.000000,ok
3132XFJ41,30YR,0.000000,0.000000,0.000000,ok
3132XFJ41,Average Life,3.800000,3.300000,-0.500000,mismatch
3132XFJ41,LT CPR,,,,both_missing
3132XFJ41,OAS,68.000000,72.493200,4.493200,mismatch
3132XFJ41,Z-Spread,66.000000,70.800438,4.800438,mismatch
3132XFJ41,Factor,1.000000,1.000000,0.000000,ok
3132XFJ41,Life CPR,0.000000,,,api_missing
3132XFJ41,GWAC,4.720000,,,api_missing
3132XFJ41,WALA,39.000000,,,api_missing
3132XFJ41,WALS,,,,both_missing
3132XFJ41,MaxServicerName,,,,ok
3132XFJ41,MaxServicerPercent,,,,ok
3132XFJ41,Eff. Dur,3.560000,3.452800,-0.107200,mismatch
3132XFJ41,DV01,0.040000,0.036903,-0.003097,ok
3132XFJ41,Dollar Return,7.280000,7.488654,0.208654,mismatch
3132XFJ41,Eff. Dur.1,3.520000,3.430100,-0.089900,mismatch
3132XFJ41,DV01.1,0.040000,0.035410,-0.004590,ok
3132XFJ41,Dollar Return.1,3.560000,3.842818,0.282818,mismatch
3132XFJ41,Eff. Dur.2,3.450000,3.385500,-0.064500,mismatch
3132XFJ41,DV01.2,0.030000,0.032643,0.002643,ok
3132XFJ41,Dollar Return.2,-3.400000,-2.971001,0.428999,mismatch
3132XFJ41,Eff. Dur.3,3.410000,3.363500,-0.046500,mismatch
3132XFJ41,DV01.3,0.030000,0.031360,0.001360,ok
3132XFJ41,Dollar Return.3,-6.640000,-6.155819,0.484181,mismatch
3132XFJX7,Forward Yield,4.450000,4.447677,-0.002323,ok
3132XFJX7,Effective Duration,5.810000,5.810538,0.000538,ok
3132XFJX7,Effective Convexity,0.420000,0.421417,0.001417,ok
3132XFJX7,Effective DV01,0.057000,0.056471,-0.000529,ok
3132XFJX7,Dollar Duration,5869.000000,,,api_missing
3132XFJX7,1YR,0.010000,-0.008900,-0.018900,mismatch
3132XFJX7,2YR,0.010000,0.009100,-0.000900,ok
3132XFJX7,3YR,0.020000,0.020500,0.000500,ok
3132XFJX7,5YR,3.770000,3.786500,0.016500,mismatch
3132XFJX7,10YR,2.000000,2.003100,0.003100,ok
3132XFJX7,20YR,0.000000,0.000000,0.000000,ok
3132XFJX7,30YR,0.000000,0.000000,0.000000,ok
3132XFJX7,Average Life,6.700000,6.216700,-0.483300,mismatch
3132XFJX7,LT CPR,,,,both_missing
3132XFJX7,OAS,84.000000,91.134700,7.134700,mismatch
3132XFJX7,Z-Spread,83.000000,89.411880,6.411880,mismatch
3132XFJX7,Factor,1.000000,1.000000,0.000000,ok
3132XFJX7,Life CPR,0.000000,,,api_missing
3132XFJX7,GWAC,4.450000,,,api_missing
3132XFJX7,WALA,40.000000,,,api_missing
3132XFJX7,WALS,,,,both_missing
3132XFJX7,MaxServicerName,,,,ok
3132XFJX7,MaxServicerPercent,,,,ok
3132XFJX7,Eff. Dur,5.980000,5.831300,-0.148700,mismatch
3132XFJX7,DV01,0.070000,0.063892,-0.006108,ok
3132XFJX7,Dollar Return,12.190000,12.456355,0.266355,mismatch
3132XFJX7,Eff. Dur.1,5.900000,5.774400,-0.125600,mismatch
3132XFJX7,DV01.1,0.060000,0.059660,-0.000340,ok
3132XFJX7,Dollar Return.1,5.870000,6.206954,0.336954,mismatch
3132XFJX7,Eff. Dur.2,5.730000,5.660400,-0.069600,mismatch
3132XFJX7,DV01.2,0.050000,0.052132,0.002132,ok
3132XFJX7,Dollar Return.2,-5.460000,-5.011917,0.448083,mismatch
3132XFJX7,Eff. Dur.3,5.640000,5.603400,-0.036600,mismatch
3132XFJX7,DV01.3,0.050000,0.048785,-0.001215,ok
3132XFJX7,Dollar Return.3,-10.540000,-10.048204,0.491796,mismatch
3132XFJY5,Forward Yield,4.440000,4.439175,-0.000825,ok
3132XFJY5,Effective Duration,5.790000,5.787442,-0.002558,ok
3132XFJY5,Effective Convexity,0.420000,0.419174,-0.000826,ok
3132XFJY5,Effective DV01,0.057000,0.056781,-0.000219,ok
3132XFJY5,Dollar Duration,12102.000000,,,api_missing
3132XFJY5,1YR,0.010000,-0.007600,-0.017600,mismatch
3132XFJY5,2YR,0.010000,0.011400,0.001400,ok
3132XFJY5,3YR,0.030000,0.026500,-0.003500,ok
3132XFJY5,5YR,3.760000,3.769000,0.009000,ok
3132XFJY5,10YR,1.980000,1.987700,0.007700,ok
3132XFJY5,20YR,0.000000,0.000000,0.000000,ok
3132XFJY5,30YR,0.000000,0.000000,0.000000,ok
3132XFJY5,Average Life,6.700000,6.216700,-0.483300,mismatch
3132XFJY5,LT CPR,,,,both_missing
3132XFJY5,OAS,84.000000,89.205300,5.205300,mismatch
3132XFJY5,Z-Spread,82.000000,87.450478,5.450478,mismatch
3132XFJY5,Factor,1.000000,1.000000,0.000000,ok
3132XFJY5,Life CPR,0.000000,,,api_missing
3132XFJY5,GWAC,4.700000,,,api_missing
3132XFJY5,WALA,40.000000,,,api_missing
3132XFJY5,WALS,,,,both_missing
3132XFJY5,MaxServicerName,,,,ok
3132XFJY5,MaxServicerPercent,,,,ok
3132XFJY5,Eff. Dur,5.960000,5.809700,-0.150300,mismatch
3132XFJY5,DV01,0.070000,0.064230,-0.005770,ok
3132XFJY5,Dollar Return,12.260000,12.523365,0.263365,mismatch
3132XFJY5,Eff. Dur.1,5.870000,5.752300,-0.117700,mismatch
3132XFJY5,DV01.1,0.060000,0.059981,-0.000019,ok
3132XFJY5,Dollar Return.1,5.910000,6.241030,0.331030,mismatch
3132XFJY5,Eff. Dur.2,5.700000,5.637300,-0.062700,mismatch
3132XFJY5,DV01.2,0.050000,0.052423,0.002423,ok
3132XFJY5,Dollar Return.2,-5.490000,-5.038570,0.451430,mismatch
3132XFJY5,Eff. Dur.3,5.620000,5.579700,-0.040300,mismatch
3132XFJY5,DV01.3,0.050000,0.049062,-0.000938,ok
3132XFJY5,Dollar Return.3,-10.600000,-10.102874,0.497126,mismatch
3132XFKJ6,Forward Yield,4.100000,4.100789,0.000789,ok
3132XFKJ6,Effective Duration,3.620000,3.612307,-0.007693,ok
3132XFKJ6,Effective Convexity,0.170000,0.172007,0.002007,ok
3132XFKJ6,Effective DV01,0.036000,0.035905,-0.000095,ok
3132XFKJ6,Dollar Duration,16562.000000,,,api_missing
3132XFKJ6,1YR,0.010000,-0.008100,-0.018100,mismatch
3132XFKJ6,2YR,0.010000,0.011100,0.001100,ok
3132XFKJ6,3YR,1.830000,1.839700,0.009700,ok
3132XFKJ6,5YR,1.760000,1.769400,0.009400,ok
3132XFKJ6,10YR,0.000000,0.000000,0.000000,ok
3132XFKJ6,20YR,0.000000,0.000000,0.000000,ok
3132XFKJ6,30YR,0.000000,0.000000,0.000000,ok
3132XFKJ6,Average Life,4.000000,3.466700,-0.533300,mismatch
3132XFKJ6,LT CPR,,,,both_missing
3132XFKJ6,OAS,69.000000,73.358500,4.358500,mismatch
3132XFKJ6,Z-Spread,67.000000,71.682411,4.682411,mismatch
3132XFKJ6,Factor,1.000000,1.000000,0.000000,ok
3132XFKJ6,Life CPR,0.000000,,,api_missing
3132XFKJ6,GWAC,5.440000,,,api_missing
3132XFKJ6,WALA,37.000000,,,api_missing
3132XFKJ6,WALS,,,,both_missing
3132XFKJ6,MaxServicerName,,,,ok
3132XFKJ6,MaxServicerPercent,,,,ok
3132XFKJ6,Eff. Dur,3.710000,3.595800,-0.114200,mismatch
3132XFKJ6,DV01,0.040000,0.038513,-0.001487,ok
3132XFKJ6,Dollar Return,7.570000,7.784008,0.214008,mismatch
3132XFKJ6,Eff. Dur.1,3.660000,3.571700,-0.088300,mismatch
3132XFKJ6,DV01.1,0.040000,0.036897,-0.003103,ok
3132XFKJ6,Dollar Return.1,3.700000,3.984446,0.284446,mismatch
3132XFKJ6,Eff. Dur.2,3.580000,3.524200,-0.055800,mismatch
3132XFKJ6,DV01.2,0.030000,0.033911,0.003911,ok
3132XFKJ6,Dollar Return.2,-3.520000,-3.097503,0.422497,mismatch
3132XFKJ6,Eff. Dur.3,3.540000,3.500800,-0.039200,mismatch
3132XFKJ6,DV01.3,0.030000,0.032530,0.002530,ok
3132XFKJ6,Dollar Return.3,-6.880000,-6.398785,0.481215,mismatch
3132XFN38,Forward Yield,3.800000,3.792275,-0.007725,ok
3132XFN38,Effective Duration,2.540000,2.529707,-0.010293,mismatch
3132XFN38,Effective Convexity,0.090000,0.089297,-0.000703,ok
3132XFN38,Effective DV01,0.026000,0.025633,-0.000367,ok
3132XFN38,Dollar Duration,21930.000000,,,api_missing
3132XFN38,1YR,0.020000,-0.003600,-0.023600,mismatch
3132XFN38,2YR,0.670000,0.669100,-0.000900,ok
3132XFN38,3YR,1.860000,1.864200,0.004200,ok
3132XFN38,5YR,0.000000,0.000000,0.000000,ok
3132XFN38,10YR,0.000000,0.000000,0.000000,ok
3132XFN38,20YR,0.000000,0.000000,0.000000,ok
3132XFN38,30YR,0.000000,0.000000,0.000000,ok
3132XFN38,Average Life,2.700000,2.466700,-0.233300,mismatch
3132XFN38,LT CPR,,,,both_missing
3132XFN38,OAS,45.000000,39.841200,-5.158800,mismatch
3132XFN38,Z-Spread,43.000000,37.693501,-5.306499,mismatch
3132XFN38,Factor,1.000000,1.000000,0.000000,ok
3132XFN38,Life CPR,0.000000,,,api_missing
3132XFN38,GWAC,5.940000,,,api_missing
3132XFN38,WALA,28.000000,,,api_missing
3132XFN38,WALS,,,,both_missing
3132XFN38,MaxServicerName,,,,ok
3132XFN38,MaxServicerPercent,,,,ok
3132XFN38,Eff. Dur,2.590000,2.492400,-0.097600,mismatch
3132XFN38,DV01,0.030000,0.026610,-0.003390,ok
3132XFN38,Dollar Return,5.350000,5.521836,0.171836,mismatch
3132XFN38,Eff. Dur.1,2.570000,2.477800,-0.092200,mismatch
3132XFN38,DV01.1,0.030000,0.025800,-0.004200,ok
3132XFN38,Dollar Return.1,2.630000,2.881347,0.251347,mismatch
3132XFN38,Eff. Dur.2,2.510000,2.449100,-0.060900,mismatch
3132XFN38,DV01.2,0.020000,0.024274,0.004274,ok
3132XFN38,Dollar Return.2,-2.540000,-2.131777,0.408223,mismatch
3132XFN38,Eff. Dur.3,2.490000,2.435000,-0.055000,mismatch
3132XFN38,DV01.3,0.020000,0.023554,0.003554,ok
3132XFN38,Dollar Return.3,-4.980000,-4.512036,0.467964,mismatch
3132XG5P7,Forward Yield,4.310000,4.309973,-0.000027,ok
3132XG5P7,Effective Duration,5.240000,5.233654,-0.006346,ok
3132XG5P7,Effective Convexity,0.350000,0.344749,-0.005251,ok
3132XG5P7,Effective DV01,0.051000,0.050950,-0.000050,ok
3132XG5P7,Dollar Duration,18628.000000,,,api_missing
3132XG5P7,1YR,0.010000,-0.010200,-0.020200,mismatch
3132XG5P7,2YR,0.010000,0.006900,-0.003100,ok
3132XG5P7,3YR,0.030000,0.025400,-0.004600,ok
3132XG5P7,5YR,4.190000,4.200600,0.010600,mismatch
3132XG5P7,10YR,1.010000,1.010800,0.000800,ok
3132XG5P7,20YR,0.000000,0.000000,0.000000,ok
3132XG5P7,30YR,0.000000,0.000000,0.000000,ok
3132XG5P7,Average Life,6.000000,5.455100,-0.544900,mismatch
3132XG5P7,LT CPR,,,,both_missing
3132XG5P7,OAS,76.000000,83.670200,7.670200,mismatch
3132XG5P7,Z-Spread,74.000000,81.987152,7.987152,mismatch
3132XG5P7,Factor,1.000000,1.000000,0.000000,ok
3132XG5P7,Life CPR,0.000000,,,api_missing
3132XG5P7,GWAC,4.720000,,,api_missing
3132XG5P7,WALA,13.000000,,,api_missing
3132XG5P7,WALS,,,,both_missing
3132XG5P7,MaxServicerName,,,,ok
3132XG5P7,MaxServicerPercent,,,,ok
3132XG5P7,Eff. Dur,5.380000,5.247400,-0.132600,mismatch
3132XG5P7,DV01,0.060000,0.056911,-0.003089,ok
3132XG5P7,Dollar Return,10.930000,11.178387,0.248387,mismatch
3132XG5P7,Eff. Dur.1,5.310000,5.201800,-0.108200,mismatch
3132XG5P7,DV01.1,0.050000,0.053517,0.003517,ok
3132XG5P7,Dollar Return.1,5.280000,5.603318,0.323318,mismatch
3132XG5P7,Eff. Dur.2,5.170000,5.111000,-0.059000,mismatch
3132XG5P7,DV01.2,0.050000,0.047415,-0.002585,ok
3132XG5P7,Dollar Return.2,-4.950000,-4.506257,0.443743,mismatch
3132XG5P7,Eff. Dur.3,5.090000,5.065800,-0.024200,mismatch
3132XG5P7,DV01.3,0.040000,0.044674,0.004674,ok
3132XG5P7,Dollar Return.3,-9.580000,-9.090805,0.489195,mismatch
3132XG5S1,Forward Yield,4.260000,4.258695,-0.001305,ok
3132XG5S1,Effective Duration,4.970000,4.964351,-0.005649,ok
3132XG5S1,Effective Convexity,0.310000,0.312829,0.002829,ok
3132XG5S1,Effective DV01,0.049000,0.049134,0.000134,ok
3132XG5S1,Dollar Duration,41652.000000,,,api_missing
3132XG5S1,1YR,0.010000,-0.007400,-0.017400,mismatch
3132XG5S1,2YR,0.030000,0.025400,-0.004600,ok
3132XG5S1,3YR,0.070000,0.074100,0.004100,ok
3132XG5S1,5YR,4.150000,4.164500,0.014500,mismatch
3132XG5S1,10YR,0.710000,0.707500,-0.002500,ok
3132XG5S1,20YR,0.000000,0.000000,0.000000,ok
3132XG5S1,30YR,0.000000,0.000000,0.000000,ok
3132XG5S1,Average Life,5.700000,5.155500,-0.544500,mismatch
3132XG5S1,LT CPR,,,,both_missing
3132XG5S1,OAS,73.000000,78.133400,5.133400,mismatch
3132XG5S1,Z-Spread,71.000000,76.243362,5.243362,mismatch
3132XG5S1,Factor,1.000000,1.000000,0.000000,ok
3132XG5S1,Life CPR,0.000000,,,api_missing
3132XG5S1,GWAC,5.070000,,,api_missing
3132XG5S1,WALA,16.000000,,,api_missing
3132XG5S1,WALS,,,,both_missing
3132XG5S1,MaxServicerName,,,,ok
3132XG5S1,MaxServicerPercent,,,,ok
3132XG5S1,Eff. Dur,5.100000,4.970700,-0.129300,mismatch
3132XG5S1,DV01,0.060000,0.054504,-0.005496,ok
3132XG5S1,Dollar Return,10.510000,10.753601,0.243601,mismatch
3132XG5S1,Eff. Dur.1,5.030000,4.927100,-0.102900,mismatch
3132XG5S1,DV01.1,0.050000,0.051390,0.001390,ok
3132XG5S1,Dollar Return.1,5.090000,5.405434,0.315434,mismatch
3132XG5S1,Eff. Dur.2,4.900000,4.840200,-0.059800,mismatch
3132XG5S1,DV01.2,0.050000,0.045770,-0.004230,ok
3132XG5S1,Dollar Return.2,-4.780000,-4.333676,0.446324,mismatch
3132XG5S1,Eff. Dur.3,4.830000,4.797000,-0.033000,mismatch
3132XG5S1,DV01.3,0.040000,0.043234,0.003234,ok
3132XG5S1,Dollar Return.3,-9.260000,-8.768958,0.491042,mismatch
3132XGJS6,Forward Yield,4.130000,4.137136,0.007136,ok
3132XGJS6,Effective Duration,4.380000,4.371984,-0.008016,ok
3132XGJS6,Effective Convexity,0.240000,0.242193,0.002193,ok
3132XGJS6,Effective DV01,0.039000,0.038439,-0.000561,ok
3132XGJS6,Dollar Duration,19219.000000,,,api_missing
3132XGJS6,1YR,0.000000,-0.015900,-0.015900,mismatch
3132XGJS6,2YR,0.000000,-0.002400,-0.002400,ok
3132XGJS6,3YR,0.380000,0.384500,0.004500,ok
3132XGJS6,5YR,3.990000,4.005600,0.015600,mismatch
3132XGJS6,10YR,0.000000,0.000000,0.000000,ok
3132XGJS6,20YR,0.000000,0.000000,0.000000,ok
3132XGJS6,30YR,0.000000,0.000000,0.000000,ok
3132XGJS6,Average Life,4.600000,4.145400,-0.454600,mismatch
3132XGJS6,LT CPR,,,,both_missing
3132XGJS6,OAS,67.000000,101.731100,34.731100,mismatch
3132XGJS6,Z-Spread,64.000000,100.438156,36.438156,mismatch
3132XGJS6,Factor,1.000000,0.991611,-0.008389,ok
3132XGJS6,Life CPR,0.000000,,,api_missing
3132XGJS6,GWAC,2.760000,,,api_missing
3132XGJS6,WALA,63.000000,,,api_missing
3132XGJS6,WALS,,,,both_missing
3132XGJS6,MaxServicerName,,,,ok
3132XGJS6,MaxServicerPercent,,,,ok
3132XGJS6,Eff. Dur,4.480000,4.361800,-0.118200,mismatch
3132XGJS6,DV01,0.040000,0.041981,0.001981,ok
3132XGJS6,Dollar Return,8.160000,8.355447,0.195447,mismatch
3132XGJS6,Eff. Dur.1,4.430000,4.330900,-0.099100,mismatch
3132XGJS6,DV01.1,0.040000,0.039895,-0.000105,ok
3132XGJS6,Dollar Return.1,3.960000,4.230998,0.270998,mismatch
3132XGJS6,Eff. Dur.2,4.330000,4.269800,-0.060200,mismatch
3132XGJS6,DV01.2,0.040000,0.036084,-0.003916,ok
3132XGJS6,Dollar Return.2,-3.750000,-3.366997,0.383003,mismatch
3132XGJS6,Eff. Dur.3,4.280000,4.239500,-0.040500,mismatch
3132XGJS6,DV01.3,0.030000,0.034342,0.004342,ok
3132XGJS6,Dollar Return.3,-7.300000,-6.867420,0.432580,mismatch
3132XGKD7,Forward Yield,4.430000,4.440089,0.010089,mismatch
3132XGKD7,Effective Duration,4.440000,4.433079,-0.006921,ok
3132XGKD7,Effective Convexity,0.250000,0.251882,0.001882,ok
3132XGKD7,Effective DV01,0.039000,0.038905,-0.000095,ok
3132XGKD7,Dollar Duration,19073.000000,,,api_missing
3132XGKD7,1YR,0.010000,-0.008200,-0.018200,mismatch
3132XGKD7,2YR,0.010000,0.011100,0.001100,ok
3132XGKD7,3YR,0.060000,0.062600,0.002600,ok
3132XGKD7,5YR,4.350000,4.367500,0.017500,mismatch
3132XGKD7,10YR,0.000000,0.000000,0.000000,ok
3132XGKD7,20YR,0.000000,0.000000,0.000000,ok
3132XGKD7,30YR,0.000000,0.000000,0.000000,ok
3132XGKD7,Average Life,4.700000,0.382500,-4.317500,mismatch
3132XGKD7,LT CPR,,,,both_missing
3132XGKD7,OAS,95.000000,4447.855900,4352.855900,mismatch
3132XGKD7,Z-Spread,94.000000,4451.528320,4357.528320,mismatch
3132XGKD7,Factor,0.980000,0.974625,-0.005375,ok
3132XGKD7,Life CPR,0.000000,,,api_missing
3132XGKD7,GWAC,3.450000,,,api_missing
3132XGKD7,WALA,61.000000,,,api_missing
3132XGKD7,WALS,,,,both_missing
3132XGKD7,MaxServicerName,,,,ok
3132XGKD7,MaxServicerPercent,,,,ok
3132XGKD7,Eff. Dur,4.550000,4.426300,-0.123700,mismatch
3132XGKD7,DV01,0.040000,0.042586,0.002586,ok
3132XGKD7,Dollar Return,8.260000,8.487535,0.227535,mismatch
3132XGKD7,Eff. Dur.1,4.490000,4.392400,-0.097600,mismatch
3132XGKD7,DV01.1,0.040000,0.040419,0.000419,ok
3132XGKD7,Dollar Return.1,4.010000,4.303273,0.293273,mismatch
3132XGKD7,Eff. Dur.2,4.380000,4.325200,-0.054800,mismatch
3132XGKD7,DV01.2,0.040000,0.036469,-0.003531,ok
3132XGKD7,Dollar Return.2,-3.790000,-3.388288,0.401712,mismatch
3132XGKD7,Eff. Dur.3,4.330000,4.291800,-0.038200,mismatch
3132XGKD7,DV01.3,0.030000,0.034667,0.004667,ok
3132XGKD7,Dollar Return.3,-7.370000,-6.924286,0.445714,mismatch
3132XGQN9,Forward Yield,4.480000,4.476397,-0.003603,ok
3132XGQN9,Effective Duration,5.640000,5.636843,-0.003157,ok
3132XGQN9,Effective Convexity,0.400000,0.402771,0.002771,ok
3132XGQN9,Effective DV01,0.055000,0.055053,0.000053,ok
3132XGQN9,Dollar Duration,10472.000000,,,api_missing
3132XGQN9,1YR,0.010000,-0.007200,-0.017200,mismatch
3132XGQN9,2YR,0.030000,0.032300,0.002300,ok
3132XGQN9,3YR,0.100000,0.096600,-0.003400,ok
3132XGQN9,5YR,3.640000,3.657200,0.017200,mismatch
3132XGQN9,10YR,1.850000,1.857700,0.007700,ok
3132XGQN9,20YR,0.000000,0.000000,0.000000,ok
3132XGQN9,30YR,0.000000,0.000000,0.000000,ok
3132XGQN9,Average Life,6.500000,6.062100,-0.437900,mismatch
3132XGQN9,LT CPR,,,,both_missing
3132XGQN9,OAS,88.000000,93.906400,5.906400,mismatch
3132XGQN9,Z-Spread,86.000000,92.240471,6.240471,mismatch
3132XGQN9,Factor,1.000000,1.000000,0.000000,ok
3132XGQN9,Life CPR,0.000000,,,api_missing
3132XGQN9,GWAC,4.720000,,,api_missing
3132XGQN9,WALA,40.000000,,,api_missing
3132XGQN9,WALS,,,,both_missing
3132XGQN9,MaxServicerName,,,,ok
3132XGQN9,MaxServicerPercent,,,,ok
3132XGQN9,Eff. Dur,5.810000,5.663300,-0.146700,mismatch
3132XGQN9,DV01,0.060000,0.062143,0.002143,ok
3132XGQN9,Dollar Return,11.880000,12.139408,0.259408,mismatch
3132XGQN9,Eff. Dur.1,5.720000,5.604300,-0.115700,mismatch
3132XGQN9,DV01.1,0.060000,0.058087,-0.001913,ok
3132XGQN9,Dollar Return.1,5.720000,6.058709,0.338709,mismatch
3132XGQN9,Eff. Dur.2,5.550000,5.486400,-0.063600,mismatch
3132XGQN9,DV01.2,0.050000,0.050867,0.000867,ok
3132XGQN9,Dollar Return.2,-5.330000,-4.874441,0.455559,mismatch
3132XGQN9,Eff. Dur.3,5.470000,5.427600,-0.042400,mismatch
3132XGQN9,DV01.3,0.050000,0.047653,-0.002347,ok
3132XGQN9,Dollar Return.3,-10.290000,-9.790496,0.499504,mismatch
3132XGRE8,Forward Yield,4.520000,4.519732,-0.000268,ok
3132XGRE8,Effective Duration,5.750000,5.751307,0.001307,ok
3132XGRE8,Effective Convexity,0.420000,0.416624,-0.003376,ok
3132XGRE8,Effective DV01,0.055000,0.054702,-0.000298,ok
3132XGRE8,Dollar Duration,16096.000000,,,api_missing
3132XGRE8,1YR,0.010000,-0.011300,-0.021300,mismatch
3132XGRE8,2YR,0.030000,0.025200,-0.004800,ok
3132XGRE8,3YR,0.080000,0.084600,0.004600,ok
3132XGRE8,5YR,3.640000,3.650800,0.010800,mismatch
3132XGRE8,10YR,2.000000,2.001800,0.001800,ok
3132XGRE8,20YR,0.000000,0.000000,0.000000,ok
3132XGRE8,30YR,0.000000,0.000000,0.000000,ok
3132XGRE8,Average Life,6.600000,6.140500,-0.459500,mismatch
3132XGRE8,LT CPR,,,,both_missing
3132XGRE8,OAS,92.000000,100.479100,8.479100,mismatch
3132XGRE8,Z-Spread,90.000000,99.045837,9.045837,mismatch
3132XGRE8,Factor,1.000000,1.000000,0.000000,ok
3132XGRE8,Life CPR,0.000000,,,api_missing
3132XGRE8,GWAC,4.540000,,,api_missing
3132XGRE8,WALA,39.000000,,,api_missing
3132XGRE8,WALS,,,,both_missing
3132XGRE8,MaxServicerName,,,,ok
3132XGRE8,MaxServicerPercent,,,,ok
3132XGRE8,Eff. Dur,5.930000,5.778000,-0.152000,mismatch
3132XGRE8,DV01,0.060000,0.061893,0.001893,ok
3132XGRE8,Dollar Return,11.810000,12.075776,0.265776,mismatch
3132XGRE8,Eff. Dur.1,5.840000,5.719000,-0.121000,mismatch
3132XGRE8,DV01.1,0.060000,0.057799,-0.002201,ok
3132XGRE8,Dollar Return.1,5.690000,6.022141,0.332141,mismatch
3132XGRE8,Eff. Dur.2,5.670000,5.601200,-0.068800,mismatch
3132XGRE8,DV01.2,0.050000,0.050520,0.000520,ok
3132XGRE8,Dollar Return.2,-5.290000,-4.846744,0.443256,mismatch
3132XGRE8,Eff. Dur.3,5.580000,5.542300,-0.037700,mismatch
3132XGRE8,DV01.3,0.050000,0.047284,-0.002716,ok
3132XGRE8,Dollar Return.3,-10.220000,-9.726808,0.493192,mismatch
3132XGRP3,Forward Yield,4.430000,4.433857,0.003857,ok
3132XGRP3,Effective Duration,5.860000,5.862315,0.002315,ok
3132XGRP3,Effective Convexity,0.430000,0.430406,0.000406,ok
3132XGRP3,Effective DV01,0.055000,0.054823,-0.000177,ok
3132XGRP3,Dollar Duration,23976.000000,,,api_missing
3132XGRP3,1YR,0.000000,-0.015100,-0.015100,mismatch
3132XGRP3,2YR,0.020000,0.018500,-0.001500,ok
3132XGRP3,3YR,0.080000,0.075700,-0.004300,ok
3132XGRP3,5YR,3.620000,3.635100,0.015100,mismatch
3132XGRP3,10YR,2.140000,2.147900,0.007900,ok
3132XGRP3,20YR,0.000000,0.000000,0.000000,ok
3132XGRP3,30YR,0.000000,0.000000,0.000000,ok
3132XGRP3,Average Life,6.700000,6.212900,-0.487100,mismatch
3132XGRP3,LT CPR,,,,both_missing
3132XGRP3,OAS,82.000000,93.076200,11.076200,mismatch
3132XGRP3,Z-Spread,80.000000,91.388329,11.388329,mismatch
3132XGRP3,Factor,1.000000,1.000000,0.000000,ok
3132XGRP3,Life CPR,0.000000,,,api_missing
3132XGRP3,GWAC,4.190000,,,api_missing
3132XGRP3,WALA,38.000000,,,api_missing
3132XGRP3,WALS,,,,both_missing
3132XGRP3,MaxServicerName,,,,ok
3132XGRP3,MaxServicerPercent,,,,ok
3132XGRP3,Eff. Dur,6.040000,5.891300,-0.148700,mismatch
3132XGRP3,DV01,0.060000,0.062188,0.002188,ok
3132XGRP3,Dollar Return,11.850000,12.103473,0.253473,mismatch
3132XGRP3,Eff. Dur.1,5.950000,5.832400,-0.117600,mismatch
3132XGRP3,DV01.1,0.060000,0.058021,-0.001979,ok
3132XGRP3,Dollar Return.1,5.710000,6.025957,0.315957,mismatch
3132XGRP3,Eff. Dur.2,5.780000,5.714500,-0.065500,mismatch
3132XGRP3,DV01.2,0.050000,0.050622,0.000622,ok
3132XGRP3,Dollar Return.2,-5.300000,-4.869937,0.430063,mismatch
3132XGRP3,Eff. Dur.3,5.690000,5.655600,-0.034400,mismatch
3132XGRP3,DV01.3,0.050000,0.047337,-0.002663,ok
3132XGRP3,Dollar Return.3,-10.230000,-9.754964,0.475036,mismatch
3132XGRS7,Forward Yield,4.150000,4.148153,-0.001847,ok
3132XGRS7,Effective Duration,3.460000,3.457062,-0.002938,ok
3132XGRS7,Effective Convexity,0.160000,0.160284,0.000284,ok
3132XGRS7,Effective DV01,0.035000,0.034640,-0.000360,ok
3132XGRS7,Dollar Duration,14263.000000,,,api_missing
3132XGRS7,1YR,0.030000,0.006900,-0.023100,mismatch
3132XGRS7,2YR,0.040000,0.037500,-0.002500,ok
3132XGRS7,3YR,1.880000,1.888900,0.008900,ok
3132XGRS7,5YR,1.520000,1.523700,0.003700,ok
3132XGRS7,10YR,0.000000,0.000000,0.000000,ok
3132XGRS7,20YR,0.000000,0.000000,0.000000,ok
3132XGRS7,30YR,0.000000,0.000000,0.000000,ok
3132XGRS7,Average Life,3.800000,3.321800,-0.478200,mismatch
3132XGRS7,LT CPR,,,,both_missing
3132XGRS7,OAS,74.000000,75.285500,1.285500,mismatch
3132XGRS7,Z-Spread,72.000000,73.438019,1.438019,mismatch
3132XGRS7,Factor,0.990000,0.985206,-0.004794,ok
3132XGRS7,Life CPR,0.000000,,,api_missing
3132XGRS7,GWAC,4.950000,,,api_missing
3132XGRS7,WALA,38.000000,,,api_missing
3132XGRS7,WALS,,,,both_missing
3132XGRS7,MaxServicerName,,,,ok
3132XGRS7,MaxServicerPercent,,,,ok
3132XGRS7,Eff. Dur,3.550000,3.437700,-0.112300,mismatch
3132XGRS7,DV01,0.040000,0.037001,-0.002999,ok
3132XGRS7,Dollar Return,7.290000,7.508085,0.218085,mismatch
3132XGRS7,Eff. Dur.1,3.500000,3.413100,-0.086900,mismatch
3132XGRS7,DV01.1,0.040000,0.035489,-0.004511,ok
3132XGRS7,Dollar Return.1,3.560000,3.855285,0.295285,mismatch
3132XGRS7,Eff. Dur.2,3.420000,3.364600,-0.055400,mismatch
3132XGRS7,DV01.2,0.030000,0.032687,0.002687,ok
3132XGRS7,Dollar Return.2,-3.400000,-2.965845,0.434155,mismatch
3132XGRS7,Eff. Dur.3,3.380000,3.340700,-0.039300,mismatch
3132XGRS7,DV01.3,0.030000,0.031390,0.001390,ok
3132XGRS7,Dollar Return.3,-6.640000,-6.151496,0.488504,mismatch
3132XGRW8,Forward Yield,4.150000,4.153162,0.003162,ok
3132XGRW8,Effective Duration,3.560000,3.549475,-0.010525,mismatch
3132XGRW8,Effective Convexity,0.170000,0.168069,-0.001931,ok
3132XGRW8,Effective DV01,0.035000,0.035217,0.000217,ok
3132XGRW8,Dollar Duration,4004.000000,,,api_missing
3132XGRW8,1YR,0.020000,0.002100,-0.017900,mismatch
3132XGRW8,2YR,0.030000,0.029100,-0.000900,ok
3132XGRW8,3YR,1.800000,1.807100,0.007100,ok
3132XGRW8,5YR,1.700000,1.711100,0.011100,mismatch
3132XGRW8,10YR,0.000000,0.000000,0.000000,ok
3132XGRW8,20YR,0.000000,0.000000,0.000000,ok
3132XGRW8,30YR,0.000000,0.000000,0.000000,ok
3132XGRW8,Average Life,3.900000,3.413600,-0.486400,mismatch
3132XGRW8,LT CPR,,,,both_missing
3132XGRW8,OAS,74.000000,79.179700,5.179700,mismatch
3132XGRW8,Z-Spread,72.000000,77.592148,5.592148,mismatch
3132XGRW8,Factor,1.000000,0.996986,-0.003014,ok
3132XGRW8,Life CPR,0.000000,,,api_missing
3132XGRW8,GWAC,5.500000,,,api_missing
3132XGRW8,WALA,37.000000,,,api_missing
3132XGRW8,WALS,,,,both_missing
3132XGRW8,MaxServicerName,,,,ok
3132XGRW8,MaxServicerPercent,,,,ok
3132XGRW8,Eff. Dur,3.640000,3.533800,-0.106200,mismatch
3132XGRW8,DV01,0.040000,0.037735,-0.002265,ok
3132XGRW8,Dollar Return,7.420000,7.636284,0.216284,mismatch
3132XGRW8,Eff. Dur.1,3.600000,3.508800,-0.091200,mismatch
3132XGRW8,DV01.1,0.040000,0.036161,-0.003839,ok
3132XGRW8,Dollar Return.1,3.620000,3.914383,0.294383,mismatch
3132XGRW8,Eff. Dur.2,3.510000,3.459500,-0.050500,mismatch
3132XGRW8,DV01.2,0.030000,0.033251,0.003251,ok
3132XGRW8,Dollar Return.2,-3.450000,-3.025454,0.424546,mismatch
3132XGRW8,Eff. Dur.3,3.470000,3.435200,-0.034800,mismatch
3132XGRW8,DV01.3,0.030000,0.031905,0.001905,ok
3132XGRW8,Dollar Return.3,-6.750000,-6.261752,0.488248,mismatch
3132XGST4,Forward Yield,4.130000,4.131714,0.001714,ok
3132XGST4,Effective Duration,3.590000,3.582785,-0.007215,ok
3132XGST4,Effective Convexity,0.170000,0.171607,0.001607,ok
3132XGST4,Effective DV01,0.036000,0.035835,-0.000165,ok
3132XGST4,Dollar Duration,8317.000000,,,api_missing
3132XGST4,1YR,0.030000,0.007900,-0.022100,mismatch
3132XGST4,2YR,0.040000,0.039300,-0.000700,ok
3132XGST4,3YR,1.670000,1.671000,0.001000,ok
3132XGST4,5YR,1.860000,1.864500,0.004500,ok
3132XGST4,10YR,0.000000,0.000000,0.000000,ok
3132XGST4,20YR,0.000000,0.000000,0.000000,ok
3132XGST4,30YR,0.000000,0.000000,0.000000,ok
3132XGST4,Average Life,4.000000,3.472400,-0.527600,mismatch
3132XGST4,LT CPR,,,,both_missing
3132XGST4,OAS,72.000000,73.587000,1.587000,mismatch
3132XGST4,Z-Spread,70.000000,71.724525,1.724525,mismatch
3132XGST4,Factor,1.000000,0.996756,-0.003244,ok
3132XGST4,Life CPR,0.000000,,,api_missing
3132XGST4,GWAC,5.590000,,,api_missing
3132XGST4,WALA,36.000000,,,api_missing
3132XGST4,WALS,,,,both_missing
3132XGST4,MaxServicerName,,,,ok
3132XGST4,MaxServicerPercent,,,,ok
3132XGST4,Eff. Dur,3.680000,3.566900,-0.113100,mismatch
3132XGST4,DV01,0.040000,0.038419,-0.001581,ok
3132XGST4,Dollar Return,7.560000,7.769046,0.209046,mismatch
3132XGST4,Eff. Dur.1,3.630000,3.540600,-0.089400,mismatch
3132XGST4,DV01.1,0.040000,0.036794,-0.003206,ok
3132XGST4,Dollar Return.1,3.690000,3.979001,0.289001,mismatch
3132XGST4,Eff. Dur.2,3.550000,3.488700,-0.061300,mismatch
3132XGST4,DV01.2,0.030000,0.033792,0.003792,ok
3132XGST4,Dollar Return.2,-3.520000,-3.080026,0.439974,mismatch
3132XGST4,Eff. Dur.3,3.500000,3.463100,-0.036900,mismatch
3132XGST4,DV01.3,0.030000,0.032405,0.002405,ok
3132XGST4,Dollar Return.3,-6.870000,-6.368302,0.501698,mismatch
3132XGSZ0,Forward Yield,4.130000,4.133293,0.003293,ok
3132XGSZ0,Effective Duration,3.590000,3.582202,-0.007798,ok
3132XGSZ0,Effective Convexity,0.170000,0.171570,0.001570,ok
3132XGSZ0,Effective DV01,0.036000,0.035958,-0.000042,ok
3132XGSZ0,Dollar Duration,7668.000000,,,api_missing
3132XGSZ0,1YR,0.030000,0.008000,-0.022000,mismatch
3132XGSZ0,2YR,0.040000,0.039500,-0.000500,ok
3132XGSZ0,3YR,1.660000,1.670800,0.010800,mismatch
3132XGSZ0,5YR,1.860000,1.863900,0.003900,ok
3132XGSZ0,10YR,0.000000,0.000000,0.000000,ok
3132XGSZ0,20YR,0.000000,0.000000,0.000000,ok
3132XGSZ0,30YR,0.000000,0.000000,0.000000,ok
3132XGSZ0,Average Life,4.000000,3.476900,-0.523100,mismatch
3132XGSZ0,LT CPR,,,,both_missing
3132XGSZ0,OAS,72.000000,72.477200,0.477200,mismatch
3132XGSZ0,Z-Spread,70.000000,70.597504,0.597504,mismatch
3132XGSZ0,Factor,1.000000,0.996935,-0.003065,ok
3132XGSZ0,Life CPR,0.000000,,,api_missing
3132XGSZ0,GWAC,5.890000,,,api_missing
3132XGSZ0,WALA,36.000000,,,api_missing
3132XGSZ0,WALS,,,,both_missing
3132XGSZ0,MaxServicerName,,,,ok
3132XGSZ0,MaxServicerPercent,,,,ok
3132XGSZ0,Eff. Dur,3.680000,3.566300,-0.113700,mismatch
3132XGSZ0,DV01,0.040000,0.038549,-0.001451,ok
3132XGSZ0,Dollar Return,7.590000,7.795735,0.205735,mismatch
3132XGSZ0,Eff. Dur.1,3.630000,3.540000,-0.090000,mismatch
3132XGSZ0,DV01.1,0.040000,0.036919,-0.003081,ok
3132XGSZ0,Dollar Return.1,3.700000,3.992798,0.292798,mismatch
3132XGSZ0,Eff. Dur.2,3.550000,3.488100,-0.061900,mismatch
3132XGSZ0,DV01.2,0.030000,0.033907,0.003907,ok
3132XGSZ0,Dollar Return.2,-3.530000,-3.090269,0.439731,mismatch
3132XGSZ0,Eff. Dur.3,3.500000,3.462400,-0.037600,mismatch
3132XGSZ0,DV01.3,0.030000,0.032515,0.002515,ok
3132XGSZ0,Dollar Return.3,-6.890000,-6.389757,0.500243,mismatch
3132XGT48,Forward Yield,4.230000,4.234241,0.004241,ok
3132XGT48,Effective Duration,3.590000,3.578424,-0.011576,mismatch
3132XGT48,Effective Convexity,0.170000,0.171333,0.001333,ok
3132XGT48,Effective DV01,0.036000,0.035856,-0.000144,ok
3132XGT48,Dollar Duration,3792.000000,,,api_missing
3132XGT48,1YR,0.030000,0.008600,-0.021400,mismatch
3132XGT48,2YR,0.040000,0.040400,0.000400,ok
3132XGT48,3YR,1.660000,1.669000,0.009000,ok
3132XGT48,5YR,1.850000,1.860300,0.010300,mismatch
3132XGT48,10YR,0.000000,0.000000,0.000000,ok
3132XGT48,20YR,0.000000,0.000000,0.000000,ok
3132XGT48,30YR,0.000000,0.000000,0.000000,ok
3132XGT48,Average Life,4.000000,3.476900,-0.523100,mismatch
3132XGT48,LT CPR,,,,both_missing
3132XGT48,OAS,82.000000,83.024800,1.024800,mismatch
3132XGT48,Z-Spread,80.000000,81.308899,1.308899,mismatch
3132XGT48,Factor,1.000000,0.996935,-0.003065,ok
3132XGT48,Life CPR,0.000000,,,api_missing
3132XGT48,GWAC,5.890000,,,api_missing
3132XGT48,WALA,36.000000,,,api_missing
3132XGT48,WALS,,,,both_missing
3132XGT48,MaxServicerName,,,,ok
3132XGT48,MaxServicerPercent,,,,ok
3132XGT48,Eff. Dur,3.670000,3.560800,-0.109200,mismatch
3132XGT48,DV01,0.040000,0.038421,-0.001579,ok
3132XGT48,Dollar Return,7.560000,7.782654,0.222654,mismatch
3132XGT48,Eff. Dur.1,3.630000,3.534500,-0.095500,mismatch
3132XGT48,DV01.1,0.040000,0.036797,-0.003203,ok
3132XGT48,Dollar Return.1,3.690000,3.990414,0.300414,mismatch
3132XGT48,Eff. Dur.2,3.540000,3.482500,-0.057500,mismatch
3132XGT48,DV01.2,0.030000,0.033795,0.003795,ok
3132XGT48,Dollar Return.2,-3.520000,-3.072888,0.447112,mismatch
3132XGT48,Eff. Dur.3,3.500000,3.456900,-0.043100,mismatch
3132XGT48,DV01.3,0.030000,0.032410,0.002410,ok
3132XGT48,Dollar Return.3,-6.870000,-6.363244,0.506756,mismatch
3132XGX92,Forward Yield,4.030000,4.028662,-0.001338,ok
3132XGX92,Effective Duration,2.650000,2.641232,-0.008768,ok
3132XGX92,Effective Convexity,0.100000,0.097858,-0.002142,ok
3132XGX92,Effective DV01,0.027000,0.026995,-0.000005,ok
3132XGX92,Dollar Duration,13360.000000,,,api_missing
3132XGX92,1YR,0.030000,0.006500,-0.023500,mismatch
3132XGX92,2YR,0.280000,0.277100,-0.002900,ok
3132XGX92,3YR,2.350000,2.357600,0.007600,ok
3132XGX92,5YR,0.000000,0.000000,0.000000,ok
3132XGX92,10YR,0.000000,0.000000,0.000000,ok
3132XGX92,20YR,0.000000,0.000000,0.000000,ok
3132XGX92,30YR,0.000000,0.000000,0.000000,ok
3132XGX92,Average Life,2.900000,2.622700,-0.277300,mismatch
3132XGX92,LT CPR,,,,both_missing
3132XGX92,OAS,68.000000,60.282000,-7.718000,mismatch
3132XGX92,Z-Spread,66.000000,58.237083,-7.762917,mismatch
3132XGX92,Factor,1.000000,1.000000,0.000000,ok
3132XGX92,Life CPR,0.000000,,,api_missing
3132XGX92,GWAC,6.300000,,,api_missing
3132XGX92,WALA,26.000000,,,api_missing
3132XGX92,WALS,,,,both_missing
3132XGX92,MaxServicerName,,,,ok
3132XGX92,MaxServicerPercent,,,,ok
3132XGX92,Eff. Dur,2.710000,2.607800,-0.102200,mismatch
3132XGX92,DV01,0.030000,0.028152,-0.001848,ok
3132XGX92,Dollar Return,5.640000,5.841930,0.201930,mismatch
3132XGX92,Eff. Dur.1,2.680000,2.591800,-0.088200,mismatch
3132XGX92,DV01.1,0.030000,0.027255,-0.002745,ok
3132XGX92,Dollar Return.1,2.770000,3.049462,0.279462,mismatch
3132XGX92,Eff. Dur.2,2.620000,2.560400,-0.059600,mismatch
3132XGX92,DV01.2,0.030000,0.025571,-0.004429,ok
3132XGX92,Dollar Return.2,-2.670000,-2.238771,0.431229,mismatch
3132XGX92,Eff. Dur.3,2.590000,2.545000,-0.045000,mismatch
3132XGX92,DV01.3,0.030000,0.024780,-0.005220,ok
3132XGX92,Dollar Return.3,-5.240000,-4.743351,0.496649,mismatch
3132XGYZ3,Forward Yield,3.960000,3.959413,-0.000587,ok
3132XGYZ3,Effective Duration,2.730000,2.719951,-0.010049,mismatch
3132XGYZ3,Effective Convexity,0.100000,0.103404,0.003404,ok
3132XGYZ3,Effective DV01,0.028000,0.027619,-0.000381,ok
3132XGYZ3,Dollar Duration,8901.000000,,,api_missing
3132XGYZ3,1YR,0.020000,0.002800,-0.017200,mismatch
3132XGYZ3,2YR,0.080000,0.076200,-0.003800,ok
3132XGYZ3,3YR,2.630000,2.640900,0.010900,mismatch
3132XGYZ3,5YR,0.000000,0.000000,0.000000,ok
3132XGYZ3,10YR,0.000000,0.000000,0.000000,ok
3132XGYZ3,20YR,0.000000,0.000000,0.000000,ok
3132XGYZ3,30YR,0.000000,0.000000,0.000000,ok
3132XGYZ3,Average Life,3.000000,2.705400,-0.294600,mismatch
3132XGYZ3,LT CPR,,,,both_missing
3132XGYZ3,OAS,60.000000,55.956500,-4.043500,mismatch
3132XGYZ3,Z-Spread,58.000000,54.082451,-3.917549,mismatch
3132XGYZ3,Factor,1.000000,1.000000,0.000000,ok
3132XGYZ3,Life CPR,0.000000,,,api_missing
3132XGYZ3,GWAC,6.060000,,,api_missing
3132XGYZ3,WALA,25.000000,,,api_missing
3132XGYZ3,WALS,,,,both_missing
3132XGYZ3,MaxServicerName,,,,ok
3132XGYZ3,MaxServicerPercent,,,,ok
3132XGYZ3,Eff. Dur,2.790000,2.691600,-0.098400,mismatch
3132XGYZ3,DV01,0.030000,0.028915,-0.001085,ok
3132XGYZ3,Dollar Return,5.780000,5.969951,0.189951,mismatch
3132XGYZ3,Eff. Dur.1,2.760000,2.675100,-0.084900,mismatch
3132XGYZ3,DV01.1,0.030000,0.027972,-0.002028,ok
3132XGYZ3,Dollar Return.1,2.830000,3.106581,0.276581,mismatch
3132XGYZ3,Eff. Dur.2,2.700000,2.642800,-0.057200,mismatch
3132XGYZ3,DV01.2,0.030000,0.026203,-0.003797,ok
3132XGYZ3,Dollar Return.2,-2.730000,-2.307873,0.422127,mismatch
3132XGYZ3,Eff. Dur.3,2.670000,2.626900,-0.043100,mismatch
3132XGYZ3,DV01.3,0.030000,0.025373,-0.004627,ok
3132XGYZ3,Dollar Return.3,-5.350000,-4.868464,0.481535,mismatch
3132XGZJ8,Forward Yield,3.870000,3.868839,-0.001161,ok
3132XGZJ8,Effective Duration,2.730000,2.720442,-0.009558,ok
3132XGZJ8,Effective Convexity,0.100000,0.103442,0.003442,ok
3132XGZJ8,Effective DV01,0.028000,0.027693,-0.000307,ok
3132XGZJ8,Dollar Duration,21447.000000,,,api_missing
3132XGZJ8,1YR,0.020000,0.002600,-0.017400,mismatch
3132XGZJ8,2YR,0.080000,0.075900,-0.004100,ok
3132XGZJ8,3YR,2.630000,2.641800,0.011800,mismatch
3132XGZJ8,5YR,0.000000,0.000000,0.000000,ok
3132XGZJ8,10YR,0.000000,0.000000,0.000000,ok
3132XGZJ8,20YR,0.000000,0.000000,0.000000,ok
3132XGZJ8,30YR,0.000000,0.000000,0.000000,ok
3132XGZJ8,Average Life,3.000000,2.705600,-0.294400,mismatch
3132XGZJ8,LT CPR,,,,both_missing
3132XGZJ8,OAS,52.000000,46.285900,-5.714100,mismatch
3132XGZJ8,Z-Spread,49.000000,44.254650,-4.745350,mismatch
3132XGZJ8,Factor,1.000000,1.000000,0.000000,ok
3132XGZJ8,Life CPR,0.000000,,,api_missing
3132XGZJ8,GWAC,6.120000,,,api_missing
3132XGZJ8,WALA,25.000000,,,api_missing
3132XGZJ8,WALS,,,,both_missing
3132XGZJ8,MaxServicerName,,,,ok
3132XGZJ8,MaxServicerPercent,,,,ok
3132XGZJ8,Eff. Dur,2.790000,2.693200,-0.096800,mismatch
3132XGZJ8,DV01,0.030000,0.029002,-0.000998,ok
3132XGZJ8,Dollar Return,5.790000,5.977668,0.187668,mismatch
3132XGZJ8,Eff. Dur.1,2.760000,2.676800,-0.083200,mismatch
3132XGZJ8,DV01.1,0.030000,0.028057,-0.001943,ok
3132XGZJ8,Dollar Return.1,2.840000,3.106894,0.266894,mismatch
3132XGZJ8,Eff. Dur.2,2.700000,2.644500,-0.055500,mismatch
3132XGZJ8,DV01.2,0.030000,0.026282,-0.003718,ok
3132XGZJ8,Dollar Return.2,-2.730000,-2.321543,0.408457,mismatch
3132XGZJ8,Eff. Dur.3,2.670000,2.628600,-0.041400,mismatch
3132XGZJ8,DV01.3,0.030000,0.025450,-0.004550,ok
3132XGZJ8,Dollar Return.3,-5.370000,-4.888738,0.481262,mismatch
3132XHLC6,Forward Yield,4.290000,4.293835,0.003835,ok
3132XHLC6,Effective Duration,4.840000,4.843096,0.003096,ok
3132XHLC6,Effective Convexity,0.300000,0.300824,0.000824,ok
3132XHLC6,Effective DV01,0.044000,0.044037,0.000037,ok
3132XHLC6,Dollar Duration,6582.000000,,,api_missing
3132XHLC6,1YR,0.020000,0.001800,-0.018200,mismatch
3132XHLC6,2YR,0.030000,0.028800,-0.001200,ok
3132XHLC6,3YR,0.070000,0.074500,0.004500,ok
3132XHLC6,5YR,4.110000,4.126000,0.016000,mismatch
3132XHLC6,10YR,0.610000,0.611700,0.001700,ok
3132XHLC6,20YR,0.000000,0.000000,0.000000,ok
3132XHLC6,30YR,0.000000,0.000000,0.000000,ok
3132XHLC6,Average Life,5.300000,4.846400,-0.453600,mismatch
3132XHLC6,LT CPR,,,,both_missing
3132XHLC6,OAS,77.000000,96.724500,19.724500,mismatch
3132XHLC6,Z-Spread,75.000000,95.602097,20.602097,mismatch
3132XHLC6,Factor,0.920000,0.917284,-0.002716,ok
3132XHLC6,Life CPR,0.000000,,,api_missing
3132XHLC6,GWAC,4.210000,,,api_missing
3132XHLC6,WALA,77.000000,,,api_missing
3132XHLC6,WALS,,,,both_missing
3132XHLC6,MaxServicerName,,,,ok
3132XHLC6,MaxServicerPercent,,,,ok
3132XHLC6,Eff. Dur,4.980000,4.850800,-0.129200,mismatch
3132XHLC6,DV01,0.050000,0.048754,-0.001246,ok
3132XHLC6,Dollar Return,9.400000,9.623177,0.223177,mismatch
3132XHLC6,Eff. Dur.1,4.910000,4.806500,-0.103500,mismatch
3132XHLC6,DV01.1,0.050000,0.046008,-0.003992,ok
3132XHLC6,Dollar Return.1,4.550000,4.845088,0.295088,mismatch
3132XHLC6,Eff. Dur.2,4.780000,4.718400,-0.061600,mismatch
3132XHLC6,DV01.2,0.040000,0.041047,0.001047,ok
3132XHLC6,Dollar Return.2,-4.280000,-3.867567,0.412433,mismatch
3132XHLC6,Eff. Dur.3,4.710000,4.674500,-0.035500,mismatch
3132XHLC6,DV01.3,0.040000,0.038805,-0.001195,ok
3132XHLC6,Dollar Return.3,-8.300000,-7.840754,0.459246,mismatch
3132XKR66,Forward Yield,4.070000,4.074559,0.004559,ok
3132XKR66,Effective Duration,2.960000,2.949277,-0.010723,mismatch
3132XKR66,Effective Convexity,0.120000,0.118162,-0.001838,ok
3132XKR66,Effective DV01,0.030000,0.029488,-0.000512,ok
3132XKR66,Dollar Duration,8280.000000,,,api_missing
3132XKR66,1YR,0.020000,-0.002000,-0.022000,mismatch
3132XKR66,2YR,0.040000,0.036400,-0.003600,ok
3132XKR66,3YR,2.560000,2.572100,0.012100,mismatch
3132XKR66,5YR,0.340000,0.342600,0.002600,ok
3132XKR66,10YR,0.000000,0.000000,0.000000,ok
3132XKR66,20YR,0.000000,0.000000,0.000000,ok
3132XKR66,30YR,0.000000,0.000000,0.000000,ok
3132XKR66,Average Life,3.200000,2.211400,-0.988600,mismatch
3132XKR66,LT CPR,,,,both_missing
3132XKR66,OAS,71.000000,71.686200,0.686200,mismatch
3132XKR66,Z-Spread,69.000000,69.723206,0.723206,mismatch
3132XKR66,Factor,1.000000,1.000000,0.000000,ok
3132XKR66,Life CPR,0.000000,,,api_missing
3132XKR66,GWAC,5.760000,,,api_missing
3132XKR66,WALA,22.000000,,,api_missing
3132XKR66,WALS,,,,both_missing
3132XKR66,MaxServicerName,,,,ok
3132XKR66,MaxServicerPercent,,,,ok
3132XKR66,Eff. Dur,3.020000,2.918200,-0.101800,mismatch
3132XKR66,DV01,0.030000,0.031013,0.001013,ok
3132XKR66,Dollar Return,6.180000,6.371377,0.191377,mismatch
3132XKR66,Eff. Dur.1,2.990000,2.900100,-0.089900,mismatch
3132XKR66,DV01.1,0.030000,0.029931,-0.000069,ok
3132XKR66,Dollar Return.1,3.030000,3.303235,0.273235,mismatch
3132XKR66,Eff. Dur.2,2.930000,2.864500,-0.065500,mismatch
3132XKR66,DV01.2,0.030000,0.027907,-0.002093,ok
3132XKR66,Dollar Return.2,-2.910000,-2.478752,0.431248,mismatch
3132XKR66,Eff. Dur.3,2.900000,2.846900,-0.053100,mismatch
3132XKR66,DV01.3,0.030000,0.026960,-0.003040,ok
3132XKR66,Dollar Return.3,-5.700000,-5.203891,0.496109,mismatch
3132XKR74,Forward Yield,4.070000,4.074559,0.004559,ok
3132XKR74,Effective Duration,2.960000,2.949277,-0.010723,mismatch
3132XKR74,Effective Convexity,0.120000,0.118162,-0.001838,ok
3132XKR74,Effective DV01,0.030000,0.029488,-0.000512,ok
3132XKR74,Dollar Duration,3715.000000,,,api_missing
3132XKR74,1YR,0.020000,-0.002000,-0.022000,mismatch
3132XKR74,2YR,0.040000,0.036400,-0.003600,ok
3132XKR74,3YR,2.560000,2.572100,0.012100,mismatch
3132XKR74,5YR,0.340000,0.342600,0.002600,ok
3132XKR74,10YR,0.000000,0.000000,0.000000,ok
3132XKR74,20YR,0.000000,0.000000,0.000000,ok
3132XKR74,30YR,0.000000,0.000000,0.000000,ok
3132XKR74,Average Life,3.200000,2.211400,-0.988600,mismatch
3132XKR74,LT CPR,,,,both_missing
3132XKR74,OAS,71.000000,71.686200,0.686200,mismatch
3132XKR74,Z-Spread,69.000000,69.723206,0.723206,mismatch
3132XKR74,Factor,1.000000,1.000000,0.000000,ok
3132XKR74,Life CPR,0.000000,,,api_missing
3132XKR74,GWAC,5.760000,,,api_missing
3132XKR74,WALA,22.000000,,,api_missing
3132XKR74,WALS,,,,both_missing
3132XKR74,MaxServicerName,,,,ok
3132XKR74,MaxServicerPercent,,,,ok
3132XKR74,Eff. Dur,3.020000,2.918200,-0.101800,mismatch
3132XKR74,DV01,0.030000,0.031013,0.001013,ok
3132XKR74,Dollar Return,6.180000,6.371377,0.191377,mismatch
3132XKR74,Eff. Dur.1,2.990000,2.900100,-0.089900,mismatch
3132XKR74,DV01.1,0.030000,0.029931,-0.000069,ok
3132XKR74,Dollar Return.1,3.030000,3.303235,0.273235,mismatch
3132XKR74,Eff. Dur.2,2.930000,2.864500,-0.065500,mismatch
3132XKR74,DV01.2,0.030000,0.027907,-0.002093,ok
3132XKR74,Dollar Return.2,-2.910000,-2.478752,0.431248,mismatch
3132XKR74,Eff. Dur.3,2.900000,2.846900,-0.053100,mismatch
3132XKR74,DV01.3,0.030000,0.026960,-0.003040,ok
3132XKR74,Dollar Return.3,-5.700000,-5.203891,0.496109,mismatch
3132XKR82,Forward Yield,4.040000,4.039840,-0.000160,ok
3132XKR82,Effective Duration,3.160000,3.151282,-0.008718,ok
3132XKR82,Effective Convexity,0.130000,0.133058,0.003058,ok
3132XKR82,Effective DV01,0.032000,0.031619,-0.000381,ok
3132XKR82,Dollar Duration,31259.000000,,,api_missing
3132XKR82,1YR,0.020000,0.002800,-0.017200,mismatch
3132XKR82,2YR,0.030000,0.032300,0.002300,ok
3132XKR82,3YR,2.350000,2.359000,0.009000,ok
3132XKR82,5YR,0.750000,0.757200,0.007200,ok
3132XKR82,10YR,0.000000,0.000000,0.000000,ok
3132XKR82,20YR,0.000000,0.000000,0.000000,ok
3132XKR82,30YR,0.000000,0.000000,0.000000,ok
3132XKR82,Average Life,3.400000,3.184300,-0.215700,mismatch
3132XKR82,LT CPR,,,,both_missing
3132XKR82,OAS,66.000000,66.021900,0.021900,ok
3132XKR82,Z-Spread,64.000000,64.030075,0.030075,ok
3132XKR82,Factor,1.000000,1.000000,0.000000,ok
3132XKR82,Life CPR,0.000000,,,api_missing
3132XKR82,GWAC,5.590000,,,api_missing
3132XKR82,WALA,19.000000,,,api_missing
3132XKR82,WALS,,,,both_missing
3132XKR82,MaxServicerName,,,,ok
3132XKR82,MaxServicerPercent,,,,ok
3132XKR82,Eff. Dur,3.230000,3.120500,-0.109500,mismatch
3132XKR82,DV01,0.030000,0.033418,0.003418,ok
3132XKR82,Dollar Return,6.640000,6.833229,0.193229,mismatch
3132XKR82,Eff. Dur.1,3.190000,3.100100,-0.089900,mismatch
3132XKR82,DV01.1,0.030000,0.032174,0.002174,ok
3132XKR82,Dollar Return.1,3.250000,3.525969,0.275969,mismatch
3132XKR82,Eff. Dur.2,3.130000,3.060000,-0.070000,mismatch
3132XKR82,DV01.2,0.030000,0.029856,-0.000144,ok
3132XKR82,Dollar Return.2,-3.110000,-2.687162,0.422838,mismatch
3132XKR82,Eff. Dur.3,3.090000,3.040200,-0.049800,mismatch
3132XKR82,DV01.3,0.030000,0.028776,-0.001224,ok
3132XKR82,Dollar Return.3,-6.100000,-5.606305,0.493695,mismatch
3132XKRY5,Forward Yield,4.070000,4.067072,-0.002928,ok
3132XKRY5,Effective Duration,2.940000,2.935059,-0.004941,ok
3132XKRY5,Effective Convexity,0.120000,0.117428,-0.002572,ok
3132XKRY5,Effective DV01,0.030000,0.029667,-0.000333,ok
3132XKRY5,Dollar Duration,5215.000000,,,api_missing
3132XKRY5,1YR,0.020000,0.001600,-0.018400,mismatch
3132XKRY5,2YR,0.040000,0.042500,0.002500,ok
3132XKRY5,3YR,2.540000,2.551800,0.011800,mismatch
3132XKRY5,5YR,0.340000,0.339200,-0.000800,ok
3132XKRY5,10YR,0.000000,0.000000,0.000000,ok
3132XKRY5,20YR,0.000000,0.000000,0.000000,ok
3132XKRY5,30YR,0.000000,0.000000,0.000000,ok
3132XKRY5,Average Life,3.200000,2.211400,-0.988600,mismatch
3132XKRY5,LT CPR,,,,both_missing
3132XKRY5,OAS,70.000000,55.511600,-14.488400,mismatch
3132XKRY5,Z-Spread,68.000000,53.314148,-14.685852,mismatch
3132XKRY5,Factor,1.000000,1.000000,0.000000,ok
3132XKRY5,Life CPR,0.000000,,,api_missing
3132XKRY5,GWAC,5.760000,,,api_missing
3132XKRY5,WALA,22.000000,,,api_missing
3132XKRY5,WALS,,,,both_missing
3132XKRY5,MaxServicerName,,,,ok
3132XKRY5,MaxServicerPercent,,,,ok
3132XKRY5,Eff. Dur,3.010000,2.904400,-0.105600,mismatch
3132XKRY5,DV01,0.030000,0.031194,0.001194,ok
3132XKRY5,Dollar Return,6.220000,6.409939,0.189939,mismatch
3132XKRY5,Eff. Dur.1,2.980000,2.886100,-0.093900,mismatch
3132XKRY5,DV01.1,0.030000,0.030107,0.000107,ok
3132XKRY5,Dollar Return.1,3.050000,3.323942,0.273942,mismatch
3132XKRY5,Eff. Dur.2,2.910000,2.850100,-0.059900,mismatch
3132XKRY5,DV01.2,0.030000,0.028073,-0.001927,ok
3132XKRY5,Dollar Return.2,-2.930000,-2.492191,0.437809,mismatch
3132XKRY5,Eff. Dur.3,2.880000,2.832500,-0.047500,mismatch
3132XKRY5,DV01.3,0.030000,0.027124,-0.002876,ok
3132XKRY5,Dollar Return.3,-5.740000,-5.233662,0.506338,mismatch
