CUSIP,Sub Type,Forward_Yield,Effective_Duration,Effective_Convexity,Effective_DV01,Dollar_Duration,PD_1Y,PD_2Y,PD_3Y,PD_5Y,PD_10Y,PD_20Y,PD_30Y,Average_Life,LT_CPR,Life_CPR,OAS,Z_Spread,Factor,GWAC,WALA,WALS,MaxServicerName,MaxServicerPercent,EffDur_-200,DV01_-200,DollarReturn_-200,EffDur_-100,DV01_-100,DollarReturn_-100,EffDur_+100,DV01_+100,DollarReturn_+100,EffDur_+200,DV01_+200,DollarReturn_+200
3132WWYD8,Agency CMBS,4.328488,3.468837,0.163115,0.033932,678.523645,0.030600,0.044200,1.752200,1.641700,0.000000,0.000000,0.000000,3.811500,,0.000000,60.873400,58.491631,0.867855,5.190000,145.000000,28789672.000000,,,3.526800,0.037009,7.117925,3.500100,0.035454,3.474418,3.447400,0.032579,-3.314813,3.421500,0.031252,-6.478884
3132XFJ25,Agency CMBS,4.535827,5.540154,0.384632,0.053630,8427.453085,0.008500,0.004500,0.009200,3.966500,1.551200,0.000000,0.000000,6.402800,,0.000000,72.541700,70.304184,1.000000,4.380000,44.000000,,,,5.636600,0.061053,11.511663,5.583800,0.057154,5.553951,5.478100,0.050191,-5.181411,5.425200,0.047082,-10.018802
3132XFJ41,Agency CMBS,4.319345,3.190113,0.135281,0.031586,9051.734135,0.009000,0.005700,2.399700,0.775600,0.000000,0.000000,0.000000,3.486100,,0.000000,60.265300,57.718964,1.000000,4.720000,43.000000,,,,3.230600,0.034118,6.594611,3.210000,0.032819,3.226725,3.169600,0.030403,-3.092744,3.149700,0.029278,-6.058262
3132XFJX7,Agency CMBS,4.536518,5.532780,0.383951,0.053713,5567.370692,0.009000,0.005300,0.011300,3.959700,1.547200,0.000000,0.000000,6.402800,,0.000000,72.618400,70.382324,1.000000,4.450000,44.000000,,,,5.629600,0.061144,11.529114,5.576600,0.057241,5.562457,5.470600,0.050271,-5.189505,5.417500,0.047158,-10.034603
3132XFJY5,Agency CMBS,4.528554,5.511178,0.381955,0.053994,11478.137205,0.010300,0.007700,0.017400,3.940000,1.535500,0.000000,0.000000,6.402800,,0.000000,71.863900,69.612900,1.000000,4.700000,44.000000,,,,5.609300,0.061456,11.588429,5.555800,0.057538,5.591331,5.448800,0.050541,-5.216913,5.395300,0.047416,-10.088048
3132XFKJ6,Agency CMBS,4.329046,3.329698,0.146694,0.032943,15124.381763,0.009000,0.005700,2.227400,1.087500,0.000000,0.000000,0.000000,3.652800,,0.000000,61.104100,58.590027,1.000000,5.440000,41.000000,,,,3.374700,0.035713,6.889396,3.352800,0.034301,3.368087,3.309700,0.031678,-3.222915,3.288500,0.030461,-6.308215
3132XFN38,Agency CMBS,4.326271,2.238850,0.071581,0.022443,19067.524092,0.012900,1.310500,0.915400,0.000000,0.000000,0.000000,0.000000,2.402800,,0.000000,59.146500,56.761951,1.000000,5.940000,32.000000,,,,2.261400,0.023718,4.636193,2.248500,0.023053,2.280693,2.223300,0.021796,-2.208927,2.210900,0.021202,-4.348972
3132XG5P7,Agency CMBS,4.450460,4.955655,0.309826,0.048091,17529.589901,0.007600,0.003000,0.022700,4.284400,0.637800,0.000000,0.000000,5.631800,,0.000000,67.774200,65.354706,1.000000,4.720000,17.000000,,,,5.038000,0.054054,10.249476,4.995700,0.050959,4.962909,4.911500,0.045373,-4.662106,4.869600,0.042851,-9.044445
3132XG5S1,Agency CMBS,4.375199,4.683713,0.280386,0.046250,39081.455335,0.012200,0.024500,0.064600,4.213000,0.369300,0.000000,0.000000,5.321800,,0.000000,61.356900,58.948177,1.000000,5.070000,20.000000,,,,4.762400,0.051709,9.830391,4.721900,0.048878,4.766562,4.641400,0.043749,-4.489568,4.601400,0.041425,-8.720851
3132XGJS6,Agency CMBS,4.271862,4.084256,0.212545,0.036030,17863.991570,0.001500,-0.007100,1.034600,3.055200,0.000000,0.000000,0.000000,4.310700,,0.000000,54.252200,51.606335,0.990175,2.760000,67.000000,,,,4.142200,0.039688,7.596833,4.113800,0.037812,3.698621,4.057600,0.034370,-3.511054,4.029900,0.032792,-6.845738
3132XGKD7,Agency CMBS,4.572319,4.154967,0.221824,0.036586,17776.197076,0.009300,0.006700,0.723600,3.415200,0.000000,0.000000,0.000000,4.428100,,0.000000,83.235500,81.141090,0.972965,3.450000,65.000000,,,,4.214000,0.040361,7.724773,4.182900,0.038404,3.758263,4.121100,0.034820,-3.562867,4.090600,0.033180,-6.942283
3132XGQN9,Agency CMBS,4.568507,5.359650,0.366445,0.052282,9917.337677,0.013400,0.033300,0.088300,3.793200,1.431200,0.000000,0.000000,6.210000,,0.000000,76.088300,73.918640,1.000000,4.720000,44.000000,,,,5.461000,0.059392,11.210247,5.405700,0.055656,5.411442,5.295500,0.048980,-5.053791,5.240500,0.045996,-9.777085
3132XGRE8,Agency CMBS,4.609038,5.472253,0.379109,0.052034,15269.351476,0.009000,0.027500,0.076200,3.801900,1.557600,0.000000,0.000000,6.287200,,0.000000,79.720400,77.508911,1.000000,4.540000,43.000000,,,,5.572800,0.059213,11.167473,5.517500,0.055437,5.388251,5.407100,0.048696,-5.027569,5.352000,0.045687,-9.722115
3132XGRP3,Agency CMBS,4.521075,5.580642,0.391766,0.052203,22767.700843,0.004700,0.022400,0.067200,3.795900,1.690200,0.000000,0.000000,6.357200,,0.000000,70.576400,68.287941,1.000000,4.190000,42.000000,,,,5.683000,0.059533,11.214339,5.627600,0.055686,5.408256,5.517000,0.048826,-5.041581,5.461800,0.045769,-9.744909
3132XGRS7,Agency CMBS,4.335111,3.183598,0.136666,0.031791,12988.320300,0.024200,0.032400,2.237500,0.889400,0.000000,0.000000,0.000000,3.497500,,0.000000,61.567100,59.245762,0.984255,4.950000,42.000000,,,,3.226900,0.034366,6.640846,3.204700,0.033043,3.248462,3.160900,0.030581,-3.111955,3.139300,0.029435,-6.094372
3132XGRW8,Agency CMBS,4.334666,3.274516,0.143539,0.032397,3656.602411,0.019400,0.024000,2.178600,1.052500,0.000000,0.000000,0.000000,3.591000,,0.000000,61.624700,59.118919,0.996185,5.500000,41.000000,,,,3.320800,0.035104,6.773723,3.298200,0.033724,3.311908,3.253600,0.031159,-3.169858,3.231600,0.029967,-6.205042
3132XGST4,Agency CMBS,4.312494,3.309188,0.147350,0.032988,7595.135326,0.025300,0.034500,2.066500,1.182800,0.000000,0.000000,0.000000,3.645600,,0.000000,59.227000,56.696980,0.995665,5.590000,40.000000,,,,3.358100,0.035793,6.902162,3.334300,0.034363,3.373491,3.287300,0.031709,-3.226564,3.264200,0.030478,-6.313943
3132XGSZ0,Agency CMBS,4.314412,3.308674,0.147320,0.033094,7002.370114,0.025400,0.034700,2.066100,1.182400,0.000000,0.000000,0.000000,3.651000,,0.000000,59.414900,56.888458,0.995903,5.890000,40.000000,,,,3.357600,0.035908,6.924395,3.333800,0.034474,3.384362,3.286800,0.031811,-3.236969,3.263600,0.030576,-6.334311
3132XGT48,Agency CMBS,4.415206,3.305347,0.147129,0.033007,3463.718933,0.026000,0.035600,2.063400,1.180200,0.000000,0.000000,0.000000,3.651000,,0.000000,69.299300,66.966125,0.995903,5.890000,40.000000,,,,3.352700,0.035796,6.906176,3.328800,0.034365,3.375479,3.281800,0.031713,-3.228515,3.258600,0.030482,-6.317808
3132XGX92,Agency CMBS,4.368824,2.357615,0.078861,0.023921,11761.109484,0.024900,1.001900,1.330800,0.000000,0.000000,0.000000,0.000000,2.555400,,0.000000,63.759800,61.481213,1.000000,6.300000,30.000000,,,,2.383100,0.025359,4.948885,2.368900,0.024612,2.432670,2.341100,0.023203,-2.352644,2.327500,0.022538,-4.628592
3136BDL55,Agency CMO,4.490588,8.479382,0.310236,0.065353,48906.191210,0.033800,0.058100,0.168900,0.956300,3.614300,3.369400,0.296600,9.590600,4.671300,3.031700,22.220100,47.944614,0.744043,2.887900,66.000000,323832.500000,NEW RESIDENTIAL MORTGAGE LLC,44.863800,7.330000,0.066258,13.320187,7.314400,0.061227,6.634505,7.375900,0.052132,-6.394489,7.392900,0.047821,-12.388331
3136BDM39,Agency CMO,4.962679,8.567542,0.448009,0.064611,24017.739922,0.030200,0.056200,0.167100,0.940100,3.598900,3.452700,0.338600,9.887400,4.232700,3.185400,69.790200,95.900574,0.738763,2.885700,65.000000,569009.500000,"CROSSCOUNTRY MORTGAGE, LLC",27.170600,7.309400,0.064801,13.240475,7.346900,0.060243,6.584337,7.413000,0.051251,-6.277213,7.403100,0.046867,-12.106237
3136BDV54,Agency CMO,5.278564,7.707246,-0.025655,0.058985,15424.331396,0.048500,0.083400,0.232000,1.132300,3.345600,2.603100,0.284400,8.148400,7.215900,6.674700,98.495400,134.823700,0.606869,2.881700,65.000000,270909.562500,TH MSR HOLDINGS LLC,39.767400,5.745800,0.050716,11.734957,5.782600,0.047667,5.900658,5.989400,0.042292,-5.919657,6.215400,0.040245,-11.780573
3136BFCB7,Agency CMO,4.858649,8.723623,0.501789,0.064681,12411.521100,0.032300,0.056300,0.160100,0.935900,3.692900,3.520900,0.340300,9.879100,4.145900,2.559100,60.245400,85.889694,0.765387,2.719900,65.000000,549016.687500,"JPMORGAN CHASE BANK, NATIONAL ASSOCIATIO",91.805600,7.440900,0.065097,13.340914,7.442200,0.060101,6.612800,7.510500,0.050980,-6.265958,7.492000,0.046510,-12.065300
3136BR3G0,Agency CMO,4.793288,1.386240,-1.473838,0.014140,11783.258255,0.357300,0.403000,0.474400,0.498400,-0.133000,-0.179800,-0.023000,2.542700,16.466300,15.523600,49.322900,97.898209,0.648971,6.955000,38.000000,227432.656200,"LAKEVIEW LOAN SERVICING, LLC",21.945900,0.765200,0.007866,0.794800,1.149100,0.011800,0.689760,2.879300,0.028776,-2.061683,3.228500,0.031307,-5.032605
3136BR4M6,Agency CMO,4.813163,1.197515,-1.621628,0.012206,2421.101544,0.374100,0.404800,0.442900,0.404600,-0.192900,-0.195200,-0.024500,2.422300,16.282800,14.660500,44.677700,99.448486,0.661185,6.961500,29.000000,249189.171900,"ROCKET MORTGAGE, LLC",23.344200,0.686000,0.007032,0.578035,0.965000,0.009881,0.464985,2.934400,0.029343,-1.929383,3.266500,0.031708,-4.856116
3136BSA47,Agency CMO,4.542773,1.182670,-1.477364,0.011964,2547.639016,0.399800,0.390400,0.369300,0.314200,-0.127100,-0.136000,-0.015100,2.100500,15.841800,13.817700,16.026600,74.185814,0.680751,6.982200,22.000000,259273.265600,"AMERIHOME MORTGAGE COMPANY, LLC",52.549200,0.517500,0.005266,0.587522,0.721000,0.007329,0.484677,2.727600,0.027086,-1.859176,3.020400,0.029130,-4.718804
3136BSC29,Agency CMO,4.659153,1.033532,-1.541739,0.010482,3459.956609,0.405600,0.382600,0.352100,0.261500,-0.178800,-0.158800,-0.017800,2.061900,16.263200,15.159900,26.830500,84.892006,0.625817,6.991800,23.000000,277171.437500,TRUIST BANK,25.655700,0.518700,0.005282,0.421846,0.715200,0.007278,0.347141,2.657600,0.026490,-1.739377,3.000900,0.029074,-4.531548
3136BSC60,Agency CMO,4.522813,1.165500,-1.467108,0.011791,2940.886215,0.397200,0.384500,0.363200,0.303200,-0.122900,-0.132500,-0.014500,2.061900,16.263200,15.159900,14.793200,72.215126,0.625817,6.991800,23.000000,277171.437500,TRUIST BANK,25.655700,0.519200,0.005284,0.595643,0.716000,0.007278,0.479558,2.668000,0.026500,-1.841704,3.013900,0.029074,-4.702210
3136BSK46,Agency CMO,4.968455,1.731452,-1.207649,0.017358,6433.075859,0.366000,0.403600,0.421100,0.485600,0.103500,-0.033300,-0.001900,2.186200,16.103200,12.864600,63.615800,120.105286,0.676011,6.979700,23.000000,256752.984400,"LAKEVIEW LOAN SERVICING, LLC",22.895600,0.555300,0.005642,1.345794,0.773300,0.007834,1.048991,2.790300,0.027332,-2.299167,3.134100,0.029702,-5.481181
3136BSM77,Agency CMO,4.582641,1.275389,-1.492109,0.012892,3095.535135,0.406500,0.398300,0.379200,0.339100,-0.096400,-0.124600,-0.013500,2.148700,16.328700,14.731400,21.047600,78.514427,0.647250,6.982500,24.000000,273847.437500,"PENNYMAC LOAN SERVICES, LLC",38.173200,0.538400,0.005480,0.706900,0.743200,0.007555,0.568303,2.788700,0.027642,-1.963413,3.139800,0.030180,-4.964280
3136BSVV4,Agency CMO,4.965420,1.187597,-1.452849,0.012036,4042.848023,0.397600,0.403000,0.382900,0.303200,-0.129800,-0.140200,-0.015900,2.150500,16.588500,12.449500,60.675700,116.380630,0.674848,6.933100,30.000000,249748.875000,LESS THAN 1%,28.367500,0.560100,0.005710,0.595771,0.801500,0.008164,0.515587,2.604800,0.025913,-1.864602,3.019900,0.029174,-4.740823
3136BSY25,Agency CMO,4.749019,1.410255,-1.567452,0.014311,2041.128968,0.355500,0.384800,0.436400,0.480400,-0.052000,-0.158300,-0.019700,2.491200,16.822900,15.451000,36.320000,93.166847,0.713146,6.960300,23.000000,283835.156200,"AMERIHOME MORTGAGE COMPANY, LLC",40.679000,0.677700,0.006936,0.869236,0.944300,0.009646,0.678225,3.077200,0.030570,-2.131951,3.440500,0.033099,-5.273253
3136BTJZ7,Agency CMO,5.166886,2.816327,-1.788043,0.028668,18004.656970,0.245300,0.315900,0.514100,0.814500,0.759800,0.148200,-0.016800,5.257600,12.425400,7.950600,76.305800,123.980026,0.898650,6.543900,20.000000,275382.500000,"ROCKET MORTGAGE, LLC",20.193000,1.617900,0.016972,3.109432,2.805800,0.029126,2.014810,4.438300,0.043588,-3.584886,4.533300,0.042532,-7.972266
3136BTMG5,Agency CMO,4.838881,3.129918,-1.218891,0.031640,13409.188984,0.230900,0.344100,0.522500,0.856900,0.975900,0.265000,-0.033900,5.401400,12.914000,10.186400,47.308700,87.840012,0.847611,6.446800,39.000000,219088.734400,PENNYMAC CORP,25.141900,1.695200,0.017753,3.633996,3.204200,0.033179,2.458651,4.620100,0.045009,-3.668819,4.485000,0.041810,-7.866331
3136BTZA4,Agency CMO,5.043756,1.921277,-1.110180,0.019230,6828.122718,0.343000,0.422000,0.476100,0.573200,0.145000,-0.026400,-0.000800,2.386900,15.810200,9.602000,76.748900,127.919228,0.780686,6.971000,20.000000,182186.500000,LESS THAN 1%,41.510000,0.634800,0.006459,1.658774,0.959300,0.009725,1.286829,2.799400,0.027338,-2.432771,3.069900,0.029000,-5.622550
3136BUWF3,Agency CMO,4.827633,1.137006,-1.632366,0.011578,3355.945570,0.397200,0.420700,0.413800,0.337300,-0.207000,-0.193400,-0.022800,2.376200,15.448800,13.470000,44.161200,101.140274,0.731936,6.924100,20.000000,222637.609400,"ROCKET MORTGAGE, LLC",14.844200,0.601700,0.006150,0.373844,0.905900,0.009262,0.417737,2.869700,0.028680,-1.888529,3.141800,0.030478,-4.819003
3136BUY46,Agency CMO,4.867857,1.215714,-1.719501,0.012385,9867.290621,0.387100,0.423300,0.429800,0.397900,-0.184200,-0.205800,-0.024700,2.556900,14.509200,11.040800,45.003400,104.801262,0.784310,6.854900,16.000000,236769.093800,"ROCKET MORTGAGE, LLC",14.958600,0.608300,0.006218,0.348287,0.947200,0.009691,0.439750,3.035100,0.030311,-2.007428,3.274300,0.031692,-5.085990
3136BVAL2,Agency CMO,4.790810,1.194688,-1.694166,0.012183,5240.850197,0.380500,0.407500,0.412900,0.367200,-0.141500,-0.195700,-0.024200,2.500200,15.918900,15.347600,37.933700,96.652306,0.732191,6.918600,30.000000,244099.015600,"ROCKET MORTGAGE, LLC",16.786500,0.647900,0.006636,0.444058,0.963700,0.009871,0.448125,2.953200,0.029533,-1.973639,3.303000,0.032019,-5.039991
3136BVVM7,Agency CMO,5.189237,2.266324,-2.189212,0.023035,23709.895154,0.290300,0.377700,0.472600,0.759800,0.530100,-0.109200,-0.027100,4.097200,10.352000,9.836500,60.993700,131.077393,0.838413,6.862300,17.000000,390613.156200,"JPMORGAN CHASE BANK, NATIONAL ASSOCIATIO",34.460900,0.785400,0.008076,1.184460,1.379100,0.014178,1.169591,4.447600,0.043767,-3.233560,4.660600,0.043825,-7.606823
3140J8FS7,Agency MBS 10yr,4.172080,0.712784,0.003035,0.007047,102.694512,0.584800,0.119500,0.001300,0.006400,-0.000800,0.001500,0.000100,0.728100,22.656200,15.517400,41.473500,43.910503,0.045145,3.085000,101.000000,36351.289100,,,0.703400,0.007054,1.414696,0.701700,0.006987,0.705901,0.702300,0.006894,-0.704880,0.704700,0.006868,-1.413689
3140J9JQ5,Agency MBS 10yr,3.986758,0.843269,0.001787,0.008404,27.143890,0.551300,0.287800,0.000700,0.003000,-0.000200,0.000700,0.000100,0.873700,24.609400,17.121100,23.074700,22.107357,0.032447,4.068000,97.000000,31428.757800,,,0.837200,0.008485,1.684618,0.838200,0.008424,0.841839,0.839200,0.008293,-0.840734,0.843600,0.008265,-1.686041
3140Q86T7,Agency MBS 10yr,4.002903,0.553849,0.001221,0.005527,20.689105,0.528700,0.023400,0.000300,0.001300,-0.000200,0.000300,0.000000,0.568600,32.031200,14.617000,25.507100,29.302629,0.036632,4.029000,106.000000,,,,0.551300,0.005562,1.108775,0.550700,0.005526,0.553568,0.550300,0.005461,-0.552736,0.552000,0.005447,-1.107545
31418C2U7,Agency MBS 10yr,4.094497,0.908417,0.003001,0.009042,59.418541,0.524200,0.369300,0.010700,0.003600,-0.000200,0.000800,0.000100,0.943400,23.242200,24.015200,33.746100,31.383120,0.031191,4.082000,93.000000,31228.900400,,,0.899000,0.009111,1.811102,0.902700,0.009067,0.906076,0.902900,0.008905,-0.904015,0.906800,0.008862,-1.811508
31418CEB6,Agency MBS 10yr,3.857575,0.293513,0.001916,0.002925,3.102883,0.292600,0.000100,0.000100,0.000600,-0.000100,0.000200,0.000000,0.296200,37.500000,17.634400,11.975200,16.956484,0.007594,2.865000,115.000000,,,,0.290900,0.002916,0.586915,0.290000,0.002898,0.293040,0.288100,0.002862,-0.291856,0.287200,0.002845,-0.583019
31418CK45,Agency MBS 10yr,4.013913,0.430391,0.001748,0.004297,22.236849,0.429500,0.000100,0.000100,0.000600,-0.000100,0.000200,0.000000,0.439400,32.031200,17.084500,26.886000,31.540470,0.014819,3.993000,110.000000,,,,0.428700,0.004317,0.862991,0.427700,0.004289,0.430681,0.425900,0.004234,-0.429204,0.425800,0.004215,-0.858291
31418CKY9,Agency MBS 10yr,4.082705,0.433075,0.001957,0.004313,7.159036,0.430900,0.000200,0.000300,0.001600,-0.000300,0.000400,0.000000,0.440700,31.250000,19.465700,33.636800,38.417656,0.012427,3.472000,110.000000,13980.522500,,,0.429800,0.004317,0.865532,0.428600,0.004287,0.431925,0.427300,0.004237,-0.430795,0.427400,0.004219,-0.862025
31418CVH4,Agency MBS 10yr,4.134408,0.738914,0.002992,0.007332,46.293158,0.583700,0.148700,0.001000,0.004900,-0.000600,0.001100,0.000100,0.758800,23.046900,17.175500,37.691100,39.508938,0.038959,3.407000,100.000000,27298.703100,,,0.731700,0.007368,1.472135,0.730300,0.007300,0.734440,0.730600,0.007196,-0.732982,0.733400,0.007169,-1.469445
31418CW34,Agency MBS 10yr,4.217805,0.772114,0.003280,0.007654,81.443873,0.580500,0.184100,0.001200,0.005600,-0.000600,0.001300,0.000100,0.793300,22.656200,18.514000,45.794700,47.133858,0.038961,3.484000,99.000000,32315.259800,,,0.764000,0.007691,1.536934,0.762500,0.007617,0.766672,0.762600,0.007501,-0.765085,0.765500,0.007471,-1.533751
31418CYE8,Agency MBS 10yr,4.157990,0.854483,0.002787,0.008503,85.432693,0.550900,0.298600,0.000800,0.003700,-0.000300,0.000800,0.000100,0.885300,23.046900,20.417300,39.871500,39.076740,0.037161,3.997000,96.000000,30307.084000,,,0.847800,0.008581,1.706261,0.848500,0.008516,0.852227,0.848300,0.008370,-0.850029,0.851800,0.008331,-1.703199
3128MD3G6,Agency MBS 15yr,4.199367,0.863494,-0.007108,0.008521,989.057032,0.543600,0.300500,0.003000,0.014400,-0.001400,0.003200,0.000300,0.878100,19.531200,11.789400,43.500100,43.251575,0.035737,2.965000,156.000000,18228.380900,,,0.835800,0.008390,1.695697,0.837900,0.008340,0.849189,0.847800,0.008294,-0.857292,0.855100,0.008291,-1.724572
3128MD3H4,Agency MBS 15yr,4.127006,0.837973,-0.004042,0.008277,507.385951,0.558300,0.263900,0.002400,0.011700,-0.001200,0.002600,0.000300,0.854200,18.359400,12.468400,36.463400,36.626942,0.031281,2.937000,157.000000,20961.046900,,,0.816500,0.008200,1.651817,0.817600,0.008144,0.826140,0.824400,0.008075,-0.831168,0.829900,0.008059,-1.669383
3128MD4E0,Agency MBS 15yr,4.107557,0.883108,-0.001151,0.008718,1.645046,0.547000,0.321500,0.002300,0.010800,-0.001000,0.002400,0.000300,0.903600,15.820300,12.506100,34.621200,33.753647,0.033433,2.951000,155.000000,33503.703100,,,0.865400,0.008694,1.745545,0.865400,0.008619,0.871720,0.869800,0.008511,-0.873737,0.874200,0.008477,-1.752036
3128MD5V1,Agency MBS 15yr,4.472434,1.139508,-0.006011,0.011160,68.803702,0.448000,0.528000,0.136100,0.023100,-0.000800,0.004900,0.000600,1.165200,16.015600,13.158200,70.709200,65.528740,0.041941,3.104000,146.000000,44076.144500,,,1.098900,0.011007,2.226848,1.100700,0.010903,1.114087,1.112400,0.010770,-1.121866,1.122400,0.010739,-2.256676
3128MDKT9,Agency MBS 15yr,4.121501,0.625572,-0.002176,0.006200,98.327013,0.557700,0.058700,0.001400,0.007000,-0.000900,0.001600,0.000200,0.635500,22.265600,12.162800,36.471200,40.233448,0.015693,3.037000,163.000000,13094.423800,,,0.611900,0.006141,1.237763,0.612200,0.006106,0.619118,0.616000,0.006067,-0.622476,0.619100,0.006059,-1.249779
3128MDQZ9,Agency MBS 15yr,4.145313,0.453086,0.001924,0.004514,34.496673,0.450400,0.000300,0.000400,0.001900,-0.000300,0.000500,0.000000,0.461700,23.437500,13.736700,39.384800,44.473469,0.009013,3.464000,169.000000,17643.378900,,,0.448700,0.004511,0.905336,0.447700,0.004480,0.452008,0.447100,0.004434,-0.451257,0.447600,0.004419,-0.903673
3128MDTZ6,Agency MBS 15yr,4.140118,0.799977,-0.005245,0.007906,494.689885,0.566900,0.217100,0.002500,0.012000,-0.001300,0.002700,0.000300,0.813300,19.531200,11.490500,37.726500,38.770504,0.030407,2.906000,158.000000,18273.687500,,,0.776900,0.007800,1.574535,0.778500,0.007755,0.788208,0.786300,0.007709,-0.794611,0.792100,0.007702,-1.596898
3128MDYC1,Agency MBS 15yr,4.126405,0.950007,-0.002345,0.009367,210.918457,0.517100,0.405600,0.012200,0.013100,-0.001100,0.002900,0.000300,0.972400,15.625000,10.754700,36.543200,34.198933,0.042914,2.943000,154.000000,35630.152300,,,0.928000,0.009324,1.873658,0.928700,0.009244,0.936099,0.934900,0.009130,-0.939260,0.940600,0.009097,-1.884129
3128MDYH0,Agency MBS 15yr,4.136955,0.982204,-0.002731,0.009679,216.061484,0.503000,0.439700,0.023500,0.013800,-0.001000,0.003000,0.000300,1.006100,15.625000,12.699200,37.638700,34.572998,0.036194,3.003000,152.000000,35800.882800,,,0.959200,0.009638,1.936263,0.959700,0.009550,0.967332,0.966400,0.009429,-0.970863,0.972700,0.009396,-1.948440
3128MDYL1,Agency MBS 15yr,4.139101,0.981070,-0.002532,0.009668,186.130055,0.503800,0.437900,0.023300,0.013800,-0.001000,0.003000,0.000300,1.004900,15.820300,11.927800,37.831800,34.810123,0.036667,3.041000,153.000000,43884.148400,,,0.957900,0.009624,1.933805,0.958500,0.009538,0.966286,0.965300,0.009419,-0.969844,0.971700,0.009386,-1.946804
3128MDZG1,Agency MBS 15yr,4.116585,0.878955,-0.002038,0.008677,223.075035,0.545900,0.317800,0.002400,0.011300,-0.001100,0.002500,0.000300,0.898600,16.406200,12.728200,35.493700,34.705788,0.030892,2.954000,155.000000,30537.267600,,,0.859700,0.008636,1.735656,0.860100,0.008566,0.867181,0.865300,0.008467,-0.870089,0.870100,0.008438,-1.745438
3128MEAH4,Agency MBS 15yr,4.329574,1.340184,-0.004185,0.013099,3.029361,0.393300,0.524900,0.385200,0.030600,0.000200,0.005400,0.000700,1.379100,14.257800,13.394800,57.183100,49.009212,0.050231,3.205000,141.000000,50993.761700,,,1.295800,0.013005,2.618755,1.297100,0.012848,1.309083,1.309900,0.012631,-1.315452,1.322500,0.012576,-2.645417
3128MFBQ0,Agency MBS 15yr,4.346367,2.129080,-0.009749,0.020308,795.082008,0.262000,0.395500,0.786600,0.654300,0.013700,0.015200,0.002800,2.182200,10.400400,10.377200,58.365100,45.075893,0.153202,2.601000,115.000000,91077.148400,,,1.997500,0.019861,4.043232,2.004900,0.019530,2.025983,2.040000,0.019042,-2.040731,2.070600,0.018901,-4.100064
3128MFPL6,Agency MBS 15yr,4.099969,0.710881,0.002569,0.007064,104.277022,0.570300,0.134500,0.001000,0.004600,-0.000500,0.001000,0.000100,0.730100,23.437500,15.778900,34.092500,36.304272,0.049035,3.584000,101.000000,40078.476600,,,0.704000,0.007095,1.418129,0.702800,0.007033,0.707453,0.702600,0.006932,-0.706210,0.705200,0.006907,-1.416096
3128MFQ76,Agency MBS 15yr,4.002983,0.795585,0.003448,0.007937,73.243815,0.554900,0.237400,0.000500,0.002400,-0.000200,0.000500,0.000100,0.824300,23.437500,19.389400,24.432200,24.494192,0.044043,4.188000,97.000000,31882.271500,,,0.790700,0.008015,1.592714,0.791400,0.007959,0.795644,0.790600,0.007825,-0.793336,0.793600,0.007791,-1.589483
3128MFS41,Agency MBS 15yr,4.348507,2.208115,-0.013757,0.021484,723.162424,0.258300,0.368500,0.703500,0.826300,0.040700,0.009600,0.002200,2.333500,13.330100,14.159500,57.543200,43.233147,0.158779,3.561000,105.000000,57772.980500,,,2.090600,0.021230,4.255760,2.113500,0.021016,2.141684,2.146900,0.020425,-2.159787,2.183200,0.020291,-4.354180
3128MFT57,Agency MBS 15yr,4.358176,2.184604,-0.028930,0.021260,516.667362,0.263500,0.366500,0.685500,0.811900,0.045100,0.010700,0.002400,2.300200,14.599600,15.331800,57.986500,44.332470,0.145615,3.509000,104.000000,45354.543000,,,2.030800,0.020612,4.182239,2.074500,0.020626,2.112357,2.122000,0.020195,-2.144769,2.164300,0.020124,-4.335839
3128MFVL9,Agency MBS 15yr,4.323061,2.242113,-0.011019,0.021817,1166.755756,0.253900,0.365700,0.703700,0.861000,0.047000,0.009500,0.002200,2.373100,13.037100,13.325100,54.974800,40.353786,0.173851,3.555000,106.000000,57927.742200,,,2.127100,0.021619,4.330307,2.148100,0.021369,2.176503,2.180900,0.020743,-2.191679,2.216200,0.020586,-4.415634
3128MFVU9,Agency MBS 15yr,4.365736,1.809279,-0.010371,0.017688,373.933223,0.306500,0.429100,0.727200,0.333400,0.005100,0.007300,0.001300,1.893900,14.062500,14.096600,60.561400,48.903271,0.137191,3.559000,120.000000,44732.976600,,,1.725600,0.017477,3.515951,1.741800,0.017336,1.764358,1.767700,0.016967,-1.777876,1.794300,0.016899,-3.583312
3128MMQ55,Agency MBS 15yr,4.125153,0.915870,-0.001674,0.009036,237.929897,0.531100,0.366200,0.004900,0.011900,-0.001100,0.002600,0.000300,0.937400,15.820300,11.565000,36.390900,34.773697,0.036286,2.941000,154.000000,33400.449200,,,0.896100,0.009003,1.808237,0.896400,0.008924,0.903225,0.901600,0.008813,-0.905746,0.906600,0.008779,-1.816535
3128P8B67,Agency MBS 20yr,4.529614,3.245951,0.025310,0.030960,556.871709,0.175900,0.266800,0.592200,1.562100,0.638100,0.009300,0.003100,3.594800,9.289600,13.567100,70.333100,48.835392,0.127228,3.774000,126.000000,108392.945300,,,3.187400,0.032359,6.141702,3.191600,0.031432,3.103359,3.132900,0.028914,-3.090028,3.164500,0.028219,-6.206293
3128P8B91,Agency MBS 20yr,4.535415,3.297153,0.023103,0.031419,430.812897,0.172800,0.263500,0.586200,1.574600,0.688400,0.010000,0.003400,3.654900,9.240700,13.245800,70.432800,48.851803,0.134909,3.797000,125.000000,113980.765600,,,3.233200,0.032824,6.230144,3.236900,0.031864,3.148367,3.179000,0.029296,-3.137185,3.213600,0.028597,-6.304952
3133D4PQ0,Agency MBS 20yr,4.806001,5.341405,-0.049409,0.046510,5497.129508,0.091900,0.151300,0.381100,1.545300,2.642400,0.501300,0.037200,5.783400,7.800300,6.234800,75.945600,59.255989,0.627858,2.917000,53.000000,131018.078100,,,4.696200,0.045194,9.160792,4.690700,0.043015,4.628080,4.750100,0.039143,-4.670099,4.866300,0.037836,-9.322583
3133KTZF0,Agency MBS 20yr,4.832642,5.282571,-0.041870,0.046005,6317.274427,0.094700,0.147200,0.372400,1.528800,2.610800,0.499800,0.037800,5.723300,7.989500,4.343400,78.637500,62.060577,0.683336,2.875000,54.000000,131910.437500,,,4.614800,0.044366,9.050333,4.622700,0.042375,4.578981,4.689900,0.038678,-4.616469,4.799900,0.037381,-9.209605
3133KY2Z1,Agency MBS 20yr,5.122793,2.692260,-1.409865,0.027370,4562.785869,0.268400,0.300100,0.443200,0.715400,0.876600,0.122300,-0.021400,4.058700,17.846700,23.962000,73.394900,92.605545,0.534036,6.453000,26.000000,290962.875000,,,1.625900,0.017085,3.422359,2.053300,0.021301,2.080672,4.387200,0.043138,-3.333592,4.504500,0.042447,-7.429112
3133KYSV2,Agency MBS 20yr,4.620413,4.636850,-0.097895,0.042218,6837.943189,0.114900,0.182700,0.446700,1.579600,2.113300,0.187600,0.017200,5.150900,7.757600,18.165100,64.434200,44.215019,0.211778,3.493000,78.000000,192222.500000,,,4.309800,0.042738,8.115801,4.346500,0.041387,4.169731,4.337600,0.037645,-4.260203,4.440100,0.036632,-8.546637
3133KYUP2,Agency MBS 20yr,4.593969,5.207286,-0.050610,0.045887,2611.936976,0.092200,0.155200,0.395100,1.605700,2.582800,0.353700,0.030600,5.624800,6.884800,5.676400,58.192800,39.577404,0.564480,2.881000,67.000000,222024.015600,,,4.663900,0.045248,8.897401,4.650800,0.043098,4.546834,4.738500,0.039581,-4.589376,4.830700,0.038174,-9.097040
3133KYVC0,Agency MBS 20yr,4.888667,5.414628,-0.000570,0.046847,15120.884708,0.085400,0.146500,0.374200,1.600300,2.736800,0.442000,0.038400,5.828600,6.689500,4.165400,85.558100,68.602592,0.640395,2.794000,62.000000,221590.531200,,,4.734200,0.045297,9.160707,4.731800,0.043143,4.658688,4.842500,0.039636,-4.668317,4.933400,0.038132,-9.226092
3133KYVF3,Agency MBS 20yr,4.707447,5.406087,-0.025322,0.047174,44427.064236,0.086300,0.146900,0.376500,1.581200,2.739200,0.448400,0.036400,5.838500,6.750500,4.377500,67.430400,49.920174,0.638827,2.821000,61.000000,226537.062500,,,4.760800,0.045905,9.160587,4.762500,0.043787,4.679901,4.874500,0.040241,-4.708303,4.969100,0.038733,-9.314947
3133KYVN6,Agency MBS 20yr,4.740437,5.428637,-0.032832,0.047280,10859.897462,0.086800,0.146500,0.374900,1.570800,2.750400,0.470800,0.037400,5.862900,6.884800,4.044500,70.084600,52.901268,0.661303,2.891000,59.000000,220763.046900,,,4.772900,0.045952,9.183462,4.772300,0.043802,4.689104,4.877200,0.040174,-4.723505,4.977500,0.038694,-9.356262
3133KYVS5,Agency MBS 20yr,4.748897,5.453684,-0.034270,0.047461,12605.623902,0.085700,0.145300,0.372400,1.567400,2.766600,0.486800,0.038800,5.881300,6.909200,4.315500,70.564100,53.707550,0.657439,2.879000,58.000000,224561.203100,,,4.762000,0.045829,9.212151,4.772300,0.043777,4.706166,4.889500,0.040233,-4.742276,4.993400,0.038764,-9.394704
3133KYVY2,Agency MBS 20yr,4.757880,5.501273,-0.028445,0.047802,8087.293114,0.084700,0.143900,0.368200,1.560700,2.800100,0.512900,0.040000,5.935900,6.890900,4.082300,71.008900,54.346859,0.669931,2.848000,57.000000,228915.984400,,,4.792900,0.046097,9.284882,4.803400,0.044015,4.741537,4.925000,0.040443,-4.773387,5.028700,0.038942,-9.451539
3133KYVY2,Agency MBS 20yr,4.757880,5.501273,-0.028445,0.047802,8087.293114,0.084700,0.143900,0.368200,1.560700,2.800100,0.512900,0.040000,5.935900,6.890900,4.082300,71.008900,54.346859,0.669931,2.848000,57.000000,228915.984400,,,4.792900,0.046097,9.284882,4.803400,0.044015,4.741537,4.925000,0.040443,-4.773387,5.028700,0.038942,-9.451539
3133KYWE5,Agency MBS 20yr,4.756864,5.620179,-0.035009,0.048685,30067.051766,0.083000,0.139900,0.360200,1.537700,2.890500,0.575500,0.042800,6.075400,6.720000,3.549000,69.831800,53.623108,0.707222,2.791000,53.000000,245239.984400,,,4.882000,0.046897,9.436667,4.890700,0.044727,4.828337,5.031000,0.041138,-4.855842,5.132500,0.039534,-9.597799
3133KYWJ4,Agency MBS 20yr,4.622916,5.370479,-0.111442,0.048238,26279.197558,0.092300,0.153000,0.388600,1.482000,2.703100,0.529200,0.030300,6.005500,7.141100,4.035100,56.596700,39.031857,0.700766,3.077000,52.000000,219740.843800,,,4.802600,0.047532,9.150820,4.833300,0.045707,4.745126,4.952400,0.042080,-4.852433,5.070500,0.040647,-9.658095
3133KYWT2,Agency MBS 20yr,4.589899,5.039827,-0.221030,0.046672,12766.110331,0.106000,0.172400,0.426400,1.414200,2.439200,0.470900,0.019000,5.835900,7.995600,5.154800,52.679200,35.320599,0.679325,3.629000,51.000000,214182.953100,,,4.438100,0.044886,8.531558,4.712400,0.045773,4.526849,4.805600,0.042219,-4.752573,4.938700,0.041008,-9.571106
3133KYXY0,Agency MBS 20yr,4.827853,3.853422,-0.722733,0.038063,10650.774678,0.179700,0.275000,0.506700,1.108600,1.579300,0.227100,-0.011600,5.107700,9.472700,7.837200,65.778500,59.363533,0.661248,5.082000,44.000000,230510.218800,,,2.053400,0.021349,5.189986,3.518600,0.035919,3.306244,4.480300,0.042424,-4.086650,4.552600,0.041078,-8.548237
3133KYYE3,Agency MBS 20yr,4.752336,3.277639,-1.099700,0.033236,4369.659302,0.226500,0.310300,0.507000,0.898100,1.247500,0.128500,-0.028500,4.820500,10.681200,8.952300,49.174900,52.037540,0.643423,5.575000,44.000000,225068.687500,,,1.985300,0.020926,4.004353,2.945600,0.030643,2.628913,4.427400,0.043232,-3.754945,4.461400,0.041664,-8.014990
3140LQHL7,Agency MBS 20yr,4.622939,5.356425,-0.124942,0.048130,8369.305858,0.093500,0.155700,0.393600,1.492800,2.690300,0.509100,0.029500,5.986300,7.165500,4.510500,56.736500,39.351254,0.687372,3.110000,52.000000,238014.343800,,,4.829100,0.047793,9.113007,4.834700,0.045730,4.730489,4.939400,0.041990,-4.844504,5.059400,0.040582,-9.645219
3140XB5W6,Agency MBS 20yr,4.716471,5.399556,0.051041,0.047015,3432.670005,0.099300,0.134100,0.344500,1.501900,2.812000,0.482500,0.033000,5.937900,6.604000,1.742600,68.794700,49.088478,0.742611,2.962000,60.000000,199789.218800,,,4.883800,0.047074,9.316997,4.859200,0.044596,4.704335,4.896600,0.040351,-4.665685,4.957000,0.038606,-9.189584
31287TTT2,Agency MBS 30yr,4.476044,1.895257,0.052339,0.019769,3.685751,0.291100,0.423400,0.783300,0.398800,0.000400,-0.001300,-0.000200,2.092400,11.084000,14.804000,73.898800,58.586807,0.008300,7.000000,289.000000,18365.929700,,,1.930600,0.020917,4.035435,1.917700,0.020387,2.001006,1.872200,0.019165,-1.946257,1.866600,0.018755,-3.833019
31288ED61,Agency MBS 30yr,5.168175,2.172109,0.040544,0.021957,11.081517,0.259000,0.374700,0.733000,0.788800,0.018800,-0.001600,-0.000200,2.430800,10.888700,12.827700,140.422600,124.695549,0.015559,5.875000,284.000000,49839.738300,,,2.171600,0.022913,4.427185,2.176800,0.022486,2.212865,2.164600,0.021410,-2.175387,2.156100,0.020867,-4.306808
3128KRY32,Agency MBS 30yr,5.031884,2.242352,0.044172,0.023009,25.180167,0.252600,0.369600,0.724200,0.867800,0.033100,-0.003800,-0.000600,2.536100,10.742200,12.138200,127.152000,110.153748,0.031304,6.437000,287.000000,53905.066400,,,2.253200,0.024156,4.597719,2.267700,0.023794,2.314219,2.227900,0.022354,-2.274590,2.234400,0.021923,-4.496803
3128KWVU4,Agency MBS 30yr,4.948440,3.651506,0.085549,0.037431,8.986376,0.168700,0.250900,0.522200,1.429000,1.278200,0.006200,-0.002300,4.434500,9.167500,18.402200,108.273500,82.683640,0.013059,6.250000,228.000000,23883.511700,,,3.703200,0.040730,7.477052,3.734500,0.039690,3.769759,3.620000,0.035772,-3.692009,3.634000,0.034607,-7.277356
3128L7EG8,Agency MBS 30yr,4.728373,3.309193,-0.124503,0.033538,47.704913,0.182400,0.275100,0.560500,1.429400,0.901400,-0.030200,-0.007000,4.054700,8.422900,13.346400,84.679000,63.663029,0.043760,5.618000,220.000000,70640.632800,,,3.150700,0.033828,6.017561,3.417000,0.035739,3.243122,3.497100,0.034258,-3.387527,3.455400,0.032689,-6.744400
3128LCJU1,Agency MBS 30yr,4.712090,3.273692,-0.115987,0.033785,93.818070,0.190300,0.277000,0.547600,1.396000,0.906500,-0.034100,-0.007300,4.053000,8.947800,4.795400,83.725600,62.019192,0.229203,6.060000,235.000000,91933.406200,,,3.175300,0.034727,6.165115,3.392600,0.036125,3.278166,3.477400,0.034702,-3.409305,3.459000,0.033346,-6.798041
3128M83G7,Agency MBS 30yr,4.730456,4.537445,-0.059957,0.042956,256.687785,0.124100,0.197500,0.466700,1.385000,2.111600,0.255900,0.001300,5.504700,7.287600,15.411800,74.387900,50.319412,0.058702,4.214000,176.000000,142879.390600,,,4.245900,0.043612,8.044229,4.595200,0.045449,4.233883,4.488200,0.040555,-4.310964,4.486000,0.038595,-8.637498
3128M9SX1,Agency MBS 30yr,4.769066,4.945672,-0.103833,0.046540,1882.788666,0.111500,0.175500,0.429800,1.351800,2.370700,0.505600,0.005900,6.052100,7.324200,11.830200,72.233200,50.183403,0.140066,3.908000,156.000000,180559.421900,,,4.619700,0.047506,8.731341,4.910000,0.048451,4.576126,4.822600,0.043119,-4.692203,4.869600,0.041232,-9.430223
3128MJAK6,Agency MBS 30yr,4.617571,2.684139,0.051140,0.027215,0.396959,0.218400,0.313100,0.644800,1.299900,0.214500,-0.005100,-0.001000,3.064600,9.082000,17.259900,83.899000,63.192936,0.007357,5.510000,263.000000,72821.593800,,,2.694300,0.028786,5.449002,2.715600,0.028278,2.738239,2.690500,0.026556,-2.690102,2.657100,0.025532,-5.301228
3128MJAQ3,Agency MBS 30yr,4.637105,2.830020,0.053076,0.028697,0.542774,0.207400,0.300800,0.617400,1.383800,0.328100,-0.005700,-0.001100,3.256100,9.375000,16.486000,84.703800,63.022388,0.009350,5.658000,260.000000,68159.601600,,,2.838500,0.030411,5.737502,2.864000,0.029868,2.886241,2.840200,0.027994,-2.836668,2.803500,0.026861,-5.587668
3128MJQU7,Agency MBS 30yr,4.730435,4.549319,-0.095948,0.043064,1686.882114,0.123400,0.197300,0.472600,1.384200,2.114600,0.261600,0.000500,5.528400,7.202100,15.301400,73.737600,50.127735,0.059125,3.917000,175.000000,148471.718800,,,4.335300,0.044497,7.976968,4.623700,0.045722,4.225650,4.507600,0.040714,-4.337487,4.521200,0.038863,-8.704735
3128MJRJ1,Agency MBS 30yr,4.739951,4.630324,-0.103804,0.043774,3005.610004,0.120300,0.191900,0.464300,1.379200,2.173100,0.305000,0.001500,5.634800,7.214400,14.152200,73.440500,50.290173,0.077963,3.929000,170.000000,165008.812500,,,4.381100,0.044973,8.115971,4.683000,0.046282,4.293605,4.577700,0.041256,-4.412975,4.599000,0.039402,-8.861505
3128MJT67,Agency MBS 30yr,4.782043,4.934101,-0.112007,0.046353,1425.949363,0.113700,0.180000,0.438600,1.312200,2.341200,0.551200,0.003900,6.120600,7.434100,16.722700,72.174000,50.037296,0.077722,4.203000,149.000000,157086.140600,,,4.540500,0.046553,8.585258,4.968700,0.048937,4.546556,4.869600,0.043471,-4.673821,4.873500,0.041202,-9.401648
3128MJUA6,Agency MBS 30yr,4.791369,4.951954,-0.125401,0.046490,869.851303,0.112600,0.179700,0.438800,1.308000,2.343600,0.571400,0.005000,6.142000,7.513400,16.609500,72.324200,50.840458,0.080570,4.217000,148.000000,173953.265600,,,4.525700,0.046366,8.567587,4.971100,0.048932,4.550913,4.888200,0.043596,-4.695278,4.898400,0.041354,-9.458110
3128MJV56,Agency MBS 30yr,4.773616,5.434461,-0.135907,0.049480,3476.085556,0.098200,0.153400,0.391500,1.320000,2.624500,0.836400,0.018400,6.559400,7.183800,14.117600,67.051200,46.850910,0.138817,3.706000,134.000000,192633.843800,,,4.989500,0.050089,9.340874,5.264800,0.050498,4.867748,5.163800,0.044435,-4.997530,5.239800,0.042444,-10.044635
3128MJWA4,Agency MBS 30yr,4.777074,5.459084,-0.137218,0.049673,16010.512028,0.097400,0.152400,0.389600,1.316100,2.637800,0.855100,0.018600,6.595100,7.147200,14.078500,67.136600,46.952354,0.141792,3.713000,134.000000,193609.125000,,,5.011000,0.050294,9.375257,5.287200,0.050693,4.886491,5.186500,0.044591,-5.016822,5.263300,0.042585,-10.081929
3128MJWJ5,Agency MBS 30yr,4.931817,5.488155,-0.126672,0.049522,1726.251644,0.097300,0.150600,0.383500,1.315600,2.652000,0.874200,0.022800,6.614000,7.153300,13.722400,82.270900,62.653141,0.150596,3.705000,132.000000,199076.875000,,,4.990300,0.049721,9.402614,5.267900,0.050105,4.880192,5.165600,0.044029,-4.998026,5.243400,0.042047,-10.043132
3128MJWU0,Agency MBS 30yr,4.819809,5.480647,-0.122746,0.049730,1979.497949,0.097400,0.151300,0.386000,1.304800,2.643300,0.885300,0.020300,6.632500,7.171600,13.598500,71.048600,50.924206,0.158237,3.796000,131.000000,190393.562500,,,4.997200,0.050048,9.414363,5.307600,0.050760,4.899004,5.195900,0.044538,-5.019937,5.265300,0.042462,-10.092452
3128MJZB9,Agency MBS 30yr,4.922191,5.824535,-0.158820,0.052319,494.903157,0.089300,0.138900,0.358200,1.264500,2.745700,1.206200,0.031800,7.059500,7.214400,14.042200,76.514800,59.188465,0.187785,3.637000,115.000000,222165.578100,,,5.184100,0.051690,9.883209,5.462900,0.051878,5.138927,5.418800,0.045812,-5.282871,5.528000,0.043788,-10.614321
3128MJZF0,Agency MBS 30yr,4.919908,5.839974,-0.147680,0.052445,2605.327399,0.089400,0.138200,0.356800,1.266900,2.755900,1.212100,0.030400,7.090100,7.122800,13.721200,76.444900,58.700603,0.197158,3.584000,114.000000,208042.609400,,,5.239100,0.052250,9.927491,5.490400,0.052137,5.155875,5.437300,0.045953,-5.289750,5.541300,0.043880,-10.616600
31288Q6G0,Agency MBS ARM,4.849886,2.282122,-0.552818,0.022835,3824.975285,0.189900,0.383200,0.942100,1.001200,-0.086200,-0.107700,-0.049200,4.019300,23.128700,20.769000,79.306600,91.240005,0.620985,4.924400,37.000000,416811.375000,U.S. BANK NATIONAL ASSOCIATION,27.431500,1.675000,0.017262,2.997306,2.612000,0.026641,1.935654,3.303100,0.032215,-2.529012,3.444700,0.032597,-5.428894
31288QWN6,Agency MBS ARM,4.917778,2.171768,-0.425830,0.021707,4523.498943,0.188700,0.314000,1.296400,0.560700,-0.065000,-0.097800,-0.046900,3.868000,23.719800,9.237800,88.475400,96.345932,0.698053,4.988400,44.000000,370655.906200,NEW RESIDENTIAL MORTGAGE LLC,54.582800,1.731500,0.017836,3.054541,2.514800,0.025613,1.894276,3.138100,0.030626,-2.360368,3.260500,0.030957,-5.006598
31288QXK1,Agency MBS ARM,4.879407,2.203846,-0.481140,0.022012,8576.391974,0.212000,0.305400,1.210800,0.745500,-0.126900,-0.112800,-0.046400,3.738500,24.303000,7.164300,86.177700,95.704079,0.774076,5.102900,40.000000,399450.406200,"PENNYMAC LOAN SERVICES, LLC",65.737900,1.573000,0.016185,3.013734,2.326200,0.023668,1.869083,3.158000,0.030783,-2.403417,3.267500,0.030974,-5.083269
31288QXL9,Agency MBS ARM,4.894066,2.091727,-0.527266,0.020958,2113.850899,0.225700,0.324700,1.189600,0.613100,-0.112000,-0.114000,-0.046600,3.717100,24.540400,10.209200,85.663000,95.620285,0.704743,5.191300,41.000000,391543.062500,"LOANDEPOT.COM, LLC",28.403400,1.576300,0.016242,2.847240,2.266500,0.023108,1.761497,3.155900,0.030889,-2.315541,3.285400,0.031301,-4.920464
31288RE95,Agency MBS ARM,4.986160,2.230188,-1.172496,0.022533,14108.821381,0.271100,0.327700,0.480800,1.244300,0.113500,-0.164900,-0.046600,3.874900,23.335800,10.237100,76.832400,107.515167,0.886271,5.845100,13.000000,495742.906200,"GUARANTEED RATE, INC.",63.722200,1.419400,0.014737,2.791340,1.804000,0.018535,1.708168,3.856200,0.037901,-2.747981,3.981500,0.037810,-6.070693
3128HDGF0,Agency MBS ARM,3.336516,0.125563,0.000473,0.001257,0.003893,0.125600,0.000000,0.000000,0.000000,0.000000,0.000000,0.000000,0.125000,,100.000000,-40.841100,-48.016167,0.000000,,,,,,0.124200,0.001246,0.252304,0.123600,0.001239,0.125914,0.122300,0.001223,-0.125440,0.121700,0.001215,-0.250410
3128HDN21,Agency MBS ARM,4.557017,0.247907,0.001512,0.002481,0.003756,0.247900,0.000000,0.000000,0.000000,0.000000,0.000000,0.000000,0.249100,18.851800,20.819700,79.334000,76.089134,0.000049,6.375000,345.000000,,"FIFTH THIRD BANK, NATIONAL ASSOCIATION",100.000000,0.245300,0.002468,0.499300,0.244000,0.002448,0.248901,0.241400,0.002410,-0.247386,0.240100,0.002391,-0.493266
3128HDW88,Agency MBS ARM,4.990894,0.341386,0.011148,0.003487,0.098827,0.166800,0.005700,0.048200,0.106900,-0.006000,-0.006200,-0.000900,2.087700,20.244300,25.195000,122.438400,106.955605,0.000283,6.875000,297.000000,30543.222700,"JPMORGAN CHASE BANK, NATIONAL ASSOCIATIO",100.000000,1.902500,0.019615,0.969051,1.899300,0.019466,0.357060,1.878300,0.019119,-0.341917,1.866600,0.018932,-0.707842
3128JMXY8,Agency MBS ARM,5.320058,0.581948,-0.004258,0.005995,1.390204,-0.094400,-0.014000,0.098300,0.312100,0.225300,-0.003800,-0.001000,3.703200,8.844300,23.221600,148.313200,148.918243,0.001518,7.000000,259.000000,22908.904300,"JPMORGAN CHASE BANK, NATIONAL ASSOCIATIO",100.000000,3.192700,0.033376,1.517135,3.172300,0.032874,0.608725,3.108200,0.031831,-0.609735,3.071600,0.031242,-1.306448
3128JNJ22,Agency MBS ARM,5.272043,0.469387,-0.009184,0.004853,5.488222,-0.160400,0.053000,0.149000,0.192500,0.217000,-0.024700,-0.006000,3.819800,12.754700,21.617400,140.096900,140.029327,0.004573,7.000000,236.000000,58837.128900,NEW RESIDENTIAL MORTGAGE LLC,60.750000,3.216900,0.033667,1.275127,3.236000,0.033613,0.491954,3.212800,0.033054,-0.498829,3.195500,0.032694,-1.067864
3128JPAB6,Agency MBS ARM,5.283359,0.828381,-0.044370,0.008529,9.794690,0.219100,-0.038800,0.104700,0.120200,0.333900,-0.015100,-0.009000,4.227200,11.921200,25.492100,137.691100,136.436035,0.002701,6.500000,220.000000,60891.800800,"JPMORGAN CHASE BANK, NATIONAL ASSOCIATIO",100.000000,3.491400,0.036564,1.769029,3.532600,0.036670,0.846390,3.523700,0.035965,-0.892473,3.502200,0.035333,-2.070578
3128JR3S3,Agency MBS ARM,5.278278,0.763560,-0.050930,0.007854,6.709726,0.193000,-0.033500,0.107100,0.142000,0.294200,-0.028700,-0.007400,3.879700,12.727400,25.064800,139.360100,139.071777,0.003639,6.491300,232.000000,85380.718800,"JPMORGAN CHASE BANK, NATIONAL ASSOCIATIO",100.000000,3.179700,0.033225,1.627958,3.240300,0.033582,0.775450,3.289700,0.033567,-0.828072,3.275600,0.033060,-1.934682
3128JRRJ7,Agency MBS ARM,5.283297,0.763886,-0.124754,0.007894,15.408639,0.318400,0.005300,0.140100,0.091700,0.188700,-0.071400,-0.016700,3.587200,14.889900,15.787000,138.813300,140.827911,0.020406,6.500000,231.000000,194163.109400,"ROCKET MORTGAGE, LLC",100.000000,2.819000,0.029575,1.573885,2.957800,0.030790,0.758535,3.111700,0.031891,-0.854122,3.139700,0.031819,-1.996145
3128JRXD3,Agency MBS ARM,5.365468,0.721593,-0.060788,0.007481,10.121239,0.161700,0.000800,0.129700,0.116300,0.267400,-0.038300,-0.013000,4.112800,12.551100,21.725400,146.040900,145.832886,0.006732,6.711300,221.000000,87875.484400,"ROCKET MORTGAGE, LLC",57.742200,3.333500,0.035097,1.609486,3.421100,0.035723,0.742026,3.449500,0.035492,-0.786646,3.441500,0.035067,-1.781051
3128LLCD6,Agency MBS ARM,5.026825,1.089400,-0.724871,0.011400,54.697912,0.259100,0.254600,0.317600,0.097600,0.309800,-0.131900,-0.061100,4.076000,16.277300,23.957000,83.213000,109.088890,0.011854,6.500000,172.000000,181684.578100,"WELLS FARGO BANK, NATIONAL ASSOCIATION",100.000000,2.873400,0.030476,1.420481,3.248800,0.034271,0.848122,3.478200,0.035846,-1.582153,3.920000,0.039375,-4.193880
3128LLK21,Agency MBS ARM,5.201583,1.106949,-0.578100,0.011504,49.461849,0.415300,0.192100,0.275000,0.050800,0.286800,-0.116200,-0.053900,4.033200,16.945800,24.969600,106.115600,125.884811,0.010702,6.500000,169.000000,177628.687500,"WELLS FARGO BANK, NATIONAL ASSOCIATION",100.000000,2.757400,0.029085,1.552542,3.163700,0.033168,0.912187,3.484700,0.035692,-1.504045,3.766400,0.037660,-3.940026
3128LLLF1,Agency MBS ARM,5.216873,1.412689,-0.691563,0.014737,140.042767,0.395700,0.147700,0.228800,0.068800,0.582700,-0.019700,-0.055900,4.993200,12.140500,21.934600,101.020100,119.199799,0.018979,6.462000,169.000000,152959.515600,"JPMORGAN CHASE BANK, NATIONAL ASSOCIATIO",100.000000,3.452300,0.036675,1.915304,3.871200,0.040839,1.174662,4.081700,0.041807,-1.894199,4.415800,0.043949,-4.792231
3128LUL46,Agency MBS ARM,5.237839,0.854861,-0.138016,0.008770,17.574070,0.400400,0.010900,0.132200,0.060300,0.211300,-0.085100,-0.020500,3.733400,13.378600,20.777200,133.758600,136.236176,0.007920,6.375000,230.000000,199329.687500,"ROCKET MORTGAGE, LLC",100.000000,2.939300,0.030659,1.717713,3.121600,0.032285,0.835198,3.264100,0.033175,-0.951729,3.323000,0.033356,-2.209484
3128LUUV6,Agency MBS ARM,5.501199,0.480658,-0.085449,0.005015,11.925566,-0.137000,0.086800,0.182000,0.144500,0.226500,-0.062000,-0.018400,4.477800,9.416400,23.466400,156.716300,156.938065,0.004732,7.085000,224.000000,236638.265600,"ROCKET MORTGAGE, LLC",100.000000,3.565200,0.037631,1.204699,3.673000,0.038503,0.481699,3.666000,0.038057,-0.533766,3.632700,0.037481,-1.168557
3128LUXG6,Agency MBS ARM,5.368987,0.523822,-0.079461,0.005406,13.820291,-0.017000,0.085400,0.193500,0.122300,0.162900,-0.066500,-0.019100,3.984100,12.500400,23.382000,144.941200,146.153183,0.005079,7.000000,223.000000,254406.828100,"JPMORGAN CHASE BANK, NATIONAL ASSOCIATIO",100.000000,3.119000,0.032584,1.259148,3.288100,0.034109,0.524852,3.358000,0.034465,-0.574306,3.347000,0.034130,-1.238468
3133N3W91,Agency MBS Other,5.245366,7.963170,0.095267,0.062704,15069.125314,0.047000,0.067900,0.180400,1.055700,3.487700,2.856300,0.287700,9.170800,5.230700,6.229900,97.290200,85.298187,0.609533,2.908000,68.000000,538670.250000,,,6.457000,0.058908,12.489491,6.625700,0.056327,6.270430,6.763000,0.049082,-6.168005,6.847300,0.045684,-12.023336
3133N3XM1,Agency MBS Other,5.302527,8.407315,0.442106,0.062872,40415.046626,0.040100,0.059900,0.143600,1.005700,3.689700,3.143800,0.337800,9.322700,4.907200,3.298400,103.544600,92.484749,0.722089,2.547000,67.000000,546626.000000,,,6.672100,0.058486,12.875122,6.765900,0.054903,6.364486,6.913400,0.047477,-6.108587,6.973700,0.043906,-11.822466
31371MPX9,Agency MBS Other,5.177685,3.061849,0.076812,0.030522,14.535207,0.194100,0.290100,0.597100,1.496600,0.487300,-0.002400,-0.000400,3.548000,8.203100,21.945200,136.591900,114.835449,0.004724,5.875000,248.000000,85658.023400,,,3.069600,0.032497,6.182303,3.085000,0.031705,3.084535,3.033900,0.029330,-3.011488,3.004000,0.028165,-5.927560
31371NRS6,Agency MBS Other,5.136132,3.798025,-0.057172,0.038657,13.490039,0.164100,0.251100,0.515000,1.392600,1.476300,0.008300,-0.007000,4.774200,7.592800,25.576900,120.701600,98.431374,0.003225,6.184000,221.000000,177281.406200,,,3.673200,0.040087,7.353326,3.880000,0.040968,3.805662,3.959500,0.038767,-3.872676,3.934900,0.037025,-7.686315
31390KSP4,Agency MBS Other,5.822341,0.772147,0.013443,0.007835,0.016295,0.598500,0.173700,0.000000,-0.000300,0.000300,0.000000,0.000000,0.812300,14.062500,27.526000,203.386600,207.815048,0.000197,8.250000,290.000000,,,,0.774500,0.007983,1.592957,0.769200,0.007866,0.790143,0.757300,0.007626,-0.776426,0.751900,0.007514,-1.538917
31403YC76,Agency MBS Other,5.454392,2.568116,0.067231,0.025773,13.690769,0.228400,0.331900,0.679600,1.168600,0.161600,-0.001400,-0.000200,2.931100,11.084000,8.726200,166.801500,148.559555,0.053031,5.888000,277.000000,26304.502000,,,2.572900,0.027178,5.276549,2.558200,0.026341,2.609410,2.539900,0.024844,-2.541780,2.513500,0.023966,-5.008254
31403YCJ0,Agency MBS Other,4.743984,0.863233,0.012504,0.008680,4.816807,0.589300,0.275300,-0.000200,-0.001200,0.000300,-0.000200,0.000000,0.905600,9.375000,9.276900,97.428800,98.206268,0.014850,5.624000,274.000000,,,,0.869200,0.008894,1.762855,0.864400,0.008768,0.874553,0.854600,0.008520,-0.861382,0.849500,0.008397,-1.709249
31403YCL5,Agency MBS Other,5.014526,0.574664,0.007618,0.005778,1.699150,0.557400,0.017500,0.000000,-0.000300,0.000100,0.000000,0.000000,0.595800,9.375000,11.650900,124.824800,130.527588,0.003290,6.122000,279.000000,,,,0.577100,0.005870,1.171145,0.573700,0.005801,0.581660,0.567000,0.005668,-0.573883,0.563700,0.005603,-1.140298
31403YCN1,Agency MBS Other,5.552810,0.425610,0.004743,0.004274,0.435071,0.425600,0.000000,0.000000,0.000000,0.000000,0.000000,0.000000,0.437000,9.375000,,177.243600,185.518097,0.002021,6.625000,278.000000,,,,0.424100,0.004295,0.864095,0.421600,0.004252,0.429726,0.416300,0.004163,-0.424953,0.413900,0.004121,-0.845332
31411CNN7,Agency MBS Other,5.569811,3.618577,0.034553,0.036205,22.908593,0.170200,0.259300,0.534500,1.450900,1.211800,-0.004500,-0.002000,4.426700,8.398400,23.878100,168.239300,145.902084,0.003477,6.375000,234.000000,79806.585900,,,3.527700,0.037804,7.111491,3.634900,0.037683,3.618452,3.586500,0.034594,-3.595873,3.629000,0.033725,-7.121429
31418CBM5,Agency MBS Other,5.122125,6.031201,-0.147044,0.053260,508.378918,0.079100,0.132000,0.354900,1.268100,2.871000,1.292100,0.043700,7.271700,6.549100,18.568800,95.114600,78.884949,0.106277,3.766000,118.000000,395669.531200,,,5.110100,0.050231,9.990484,5.612500,0.052499,5.232769,5.626000,0.046653,-5.382480,5.723600,0.044377,-10.774277
31418CCP7,Agency MBS Other,5.107311,6.066869,-0.148258,0.053575,560.593644,0.079500,0.130600,0.352100,1.260500,2.890100,1.320900,0.042300,7.337300,6.451400,19.392900,93.449000,77.057701,0.097987,3.709000,118.000000,399523.718800,,,5.178800,0.050937,10.050019,5.657100,0.052934,5.263615,5.669000,0.046995,-5.409429,5.759600,0.044635,-10.810988
31418CDR2,Agency MBS Other,5.101228,6.090750,-0.154436,0.053786,789.736310,0.077100,0.130600,0.353000,1.266700,2.894600,1.335900,0.042300,7.364900,6.433100,19.620100,92.659200,76.476746,0.097294,3.642000,117.000000,395633.062500,,,5.160200,0.050768,10.077135,5.668100,0.053047,5.281489,5.690400,0.047160,-5.430930,5.781100,0.044779,-10.850050
31418CFL3,Agency MBS Other,5.090737,6.119966,-0.155001,0.054044,1043.574342,0.077400,0.129900,0.351600,1.258700,2.907400,1.363000,0.041200,7.422300,6.372100,17.578300,91.452100,75.061989,0.128153,3.619000,115.000000,397626.218800,,,5.281000,0.051990,10.140642,5.705600,0.053413,5.307853,5.717200,0.047369,-5.453036,5.809900,0.044979,-10.889923
31418CGJ7,Agency MBS Other,5.066149,6.171273,-0.143978,0.054496,1482.925693,0.075700,0.127700,0.348400,1.254500,2.938700,1.395800,0.040200,7.508400,6.155400,14.641000,88.926300,72.031693,0.180827,3.606000,114.000000,406495.187500,,,,,,,,,,,,,,
31418D3A8,Agency MBS Other,5.158165,7.659179,-0.175618,0.063225,6407.305455,0.053100,0.081500,0.231500,1.045000,3.205000,2.755000,0.310700,9.260100,5.587800,5.694100,85.377600,74.624031,0.670892,3.242000,60.000000,604578.000000,,,6.272200,0.059389,12.138753,6.558800,0.058232,6.236720,6.744300,0.051423,-6.301727,6.860600,0.048157,-12.354707
31418D5P3,Agency MBS Other,5.100027,8.264560,0.165859,0.065075,12959.692948,0.044000,0.070000,0.178400,1.008100,3.440400,3.164200,0.383300,9.670600,4.950000,2.440900,80.090900,68.836807,0.792937,2.816000,58.000000,603125.937500,,,6.801700,0.062315,12.876545,6.917300,0.058961,6.496948,7.097400,0.051363,-6.370510,7.170200,0.047591,-12.366466
31418DD74,Agency MBS Other,5.079600,5.931850,-0.278904,0.054061,515.900819,0.100800,0.127800,0.354900,1.102700,2.539900,1.639400,0.083500,7.575900,7.574500,36.389500,80.171800,69.514740,0.038064,4.473000,84.000000,526539.375000,,,4.556200,0.045821,9.430410,5.462600,0.052620,5.190077,5.743700,0.049169,-5.531844,5.850000,0.046765,-11.197553
31418DDJ8,Agency MBS Other,5.154183,6.105974,-0.343529,0.055346,580.206167,0.076100,0.131600,0.380200,1.180100,2.599500,1.654500,0.107200,7.543200,7.653800,34.561500,87.648700,78.871765,0.044743,4.487000,85.000000,511858.687500,,,3.905600,0.039121,9.523658,5.154800,0.049452,5.290538,5.808300,0.049359,-5.662124,5.964100,0.047194,-11.512384
31418DE32,Agency MBS Other,5.089615,6.239939,-0.264199,0.056561,131.980927,0.073400,0.130200,0.370700,1.157900,2.688400,1.744800,0.093100,7.943000,6.863400,34.880800,81.182100,70.048851,0.046562,4.500000,83.000000,524907.500000,,,4.668900,0.046944,9.902909,5.740800,0.055155,5.433054,6.056100,0.051397,-5.775555,6.176700,0.048773,-11.680914
000416V38,MUNI,3.614178,6.872154,-0.363225,0.065639,380.709030,-0.007400,-0.012000,0.539900,0.788800,5.409800,0.127200,0.000000,6.892600,,,-78.088400,-36.580174,,,,,,,8.849800,0.099156,16.528299,8.800500,0.095019,12.455083,8.638400,0.082856,0.401328,8.533300,0.076012,-6.438381
005104HJ6,MUNI,3.497148,0.722847,-2.341988,0.007292,68.180696,0.147000,0.034000,0.036200,0.221000,0.132700,0.000000,0.000000,0.409900,,,-159.446600,-46.939040,,,,,,,6.319800,0.064017,0.417022,6.318800,0.063950,0.326441,6.316600,0.063799,0.121887,6.297800,0.062536,-1.581496
0054823B8,MUNI,4.712257,0.762487,-0.505048,0.007889,236.670300,0.564300,0.030200,0.028400,0.125100,0.012000,0.000000,0.000000,0.692000,,,-125.951700,-116.084637,,,,,,,4.758600,0.050296,2.231740,4.753000,0.049943,1.613535,4.741800,0.049244,0.386362,4.732700,0.048686,-0.593598
010824MA5,MUNI,3.682547,6.732613,-1.062603,0.063621,811.165557,0.087300,0.163100,0.245400,0.595300,4.973500,0.648600,0.000000,6.578100,,,-87.420900,-34.371795,,,,,,,9.490600,0.100016,10.887523,9.469600,0.098423,9.438875,9.327200,0.088423,0.305160,9.205900,0.080916,-6.600566
010824MB3,MUNI,3.741087,7.343178,-1.040934,0.068664,686.642010,0.052700,0.163600,0.243600,0.576600,5.058200,1.287800,0.000000,7.265000,,,-85.062600,-32.869013,,,,,,,10.192400,0.107380,11.845842,10.167800,0.105577,10.327265,9.989400,0.093568,0.159803,9.841600,0.084928,-7.212430
012104QK4,MUNI,3.966661,0.954373,-1.538731,0.009655,27.034294,0.337500,0.088200,0.091100,0.418900,0.122100,0.000000,0.000000,0.872500,,,-121.166900,-48.868272,,,,,,,5.443800,0.055682,1.118781,5.441400,0.055514,0.853613,5.436000,0.055143,0.272969,5.422900,0.054243,-1.141773
012104QL2,MUNI,3.974114,1.077472,-1.778306,0.010898,38.688493,0.328700,0.092000,0.094200,0.421600,0.264900,0.000000,0.000000,1.030800,,,-126.799700,-40.396266,,,,,,,6.196200,0.063387,1.154738,6.193400,0.063194,0.889458,6.186800,0.062742,0.267505,6.167400,0.061430,-1.540577
012104QM0,MUNI,3.979664,1.200213,-2.030049,0.012137,49.762725,0.322200,0.092600,0.095700,0.365300,0.433000,0.000000,0.000000,1.128600,,,-132.624700,-32.491961,,,,,,,6.919700,0.070799,1.189763,6.916500,0.070583,0.924366,6.908400,0.070037,0.253387,6.880300,0.068189,-2.017665
0153023Y6,MUNI,3.039272,3.187576,-1.243959,0.032073,1597.250340,0.386900,0.354300,0.272300,1.359900,0.830600,0.000000,0.000000,2.746400,,,-186.517200,-79.754505,,,,,,,6.436800,0.068624,5.992295,6.425400,0.067679,4.711421,6.389400,0.064800,0.797645,6.353000,0.062032,-2.977261
01728VUW8,MUNI,4.097427,7.360323,0.506113,0.063345,291.387925,-0.021100,-0.031100,-0.057800,2.284100,5.172600,0.000000,0.000000,7.914400,,,15.550500,19.402699,,,,,,,7.757800,0.082609,20.422010,7.694300,0.076713,13.638626,7.547600,0.064946,-0.014901,7.470600,0.059661,-6.201553
01728VUX6,MUNI,3.773331,7.025324,0.081674,0.066996,669.962540,-0.010500,-0.012600,0.110800,1.622300,5.295900,0.000000,0.000000,7.404500,,,-41.478400,-17.154931,,,,,,,8.253200,0.094732,19.418450,8.188900,0.089361,13.760105,8.015800,0.076702,0.324797,7.915200,0.070383,-6.442702
01728VVB3,MUNI,4.177877,9.461421,0.352759,0.084613,456.911339,-0.009800,-0.011900,0.036300,0.545500,5.965000,2.912200,0.000000,10.661400,,,-16.336500,5.811059,,,,,,,11.093100,0.125774,23.950618,10.970100,0.116813,17.053233,10.603400,0.094617,-0.197188,10.386400,0.084026,-8.529495
021087VQ1,MUNI,3.778850,1.484661,-0.871260,0.015065,521.258204,0.689000,0.134600,0.152600,0.499100,0.000000,0.000000,0.000000,1.285100,,,-120.034300,-87.372743,,,,,,,4.401200,0.046197,3.492210,4.394700,0.045726,2.574574,4.380500,0.044719,0.614791,4.367100,0.043789,-1.202886
021087VT5,MUNI,3.278796,2.871012,-1.666114,0.028769,443.043709,0.472800,0.204600,0.214700,0.986900,0.943100,0.000000,0.000000,2.393700,,,-172.412500,-58.778048,,,,,,,6.915200,0.072393,4.482154,6.906100,0.071663,3.562700,6.875700,0.069283,0.560117,6.836100,0.066330,-3.175958
022447K39,MUNI,3.652595,1.087361,-0.448561,0.011063,55.315725,0.671200,0.186700,0.238500,0.000000,0.000000,0.000000,0.000000,0.992800,,,-109.871300,-91.856593,,,,,,,2.618900,0.027447,3.059899,2.614300,0.027181,2.228754,2.604900,0.026647,0.552472,2.598000,0.026264,-0.649607
022447K47,MUNI,3.744931,1.233021,-0.664907,0.012543,31.356545,0.648200,0.129000,0.312800,0.151200,0.000000,0.000000,0.000000,1.124000,,,-116.857400,-89.256939,,,,,,,3.484200,0.036536,3.137859,3.479000,0.036192,2.305964,3.468000,0.035479,0.580297,3.458700,0.034882,-0.869848
031069XD4,MUNI,4.018582,8.994749,0.592676,0.075620,1259.080493,-0.014000,-0.028100,0.002900,0.084000,7.968500,0.962600,0.000000,9.635600,,,-10.703100,-0.710598,,,,,,,9.812600,0.104318,22.238971,9.732900,0.097225,15.821361,9.501400,0.079875,-0.005336,9.371700,0.071885,-7.367687
0342854E3,MUNI,3.930100,0.121928,-0.282521,0.001234,12.278698,0.121900,0.000000,0.000000,0.000000,0.000000,0.000000,0.000000,0.122400,,,-34.112600,-31.978834,,,,,,,0.686600,0.006971,0.321148,0.686200,0.006961,0.230925,0.685300,0.006939,0.051409,0.684600,0.006923,-0.091948
035438HW3,MUNI,3.498923,3.879284,-0.488385,0.040762,937.535154,0.005000,0.005500,1.695900,1.485000,0.700500,0.000000,0.000000,3.905800,,,-113.996800,-78.735482,,,,,,,6.082600,0.070977,11.612155,6.052200,0.068627,8.314707,5.980900,0.063479,1.059331,5.934300,0.060364,-3.356192
035438HX1,MUNI,3.580402,4.168504,-0.671408,0.043722,1173.931511,0.005300,0.005900,1.618500,1.331500,1.208800,0.000000,0.000000,4.105600,,,-116.690100,-72.161094,,,,,,,6.825800,0.079711,11.892186,6.790800,0.077051,8.577755,6.703200,0.070841,0.795656,6.643100,0.066937,-4.124925
3136BDZA9,Structured Agency CMBS,4.303707,4.338477,0.235056,0.038364,22588.852474,-0.015700,-0.006800,0.656000,3.704800,0.000000,0.000000,0.000000,4.605300,,1.089000,56.678600,54.100502,1.000000,2.997300,65.000000,,,,4.396600,0.042442,8.106542,4.368600,0.040352,3.942400,4.313500,0.036532,-3.734472,4.286300,0.034784,-7.273849
3136BF4D2,Structured Agency CMBS,4.338839,4.548701,0.255799,0.039904,11288.290721,-0.017600,-0.040900,0.273500,4.333500,0.000000,0.000000,0.000000,4.833100,,0.323800,59.637600,57.359112,1.000000,2.976300,62.000000,,,,4.608100,0.044319,8.449818,4.579800,0.042057,4.104954,4.524100,0.037933,-3.880464,4.496700,0.036052,-7.550731
3136BFRV7,Structured Agency CMBS,4.289900,4.257585,0.225100,0.037758,6041.352800,-0.017500,-0.041100,0.983200,3.332900,0.000000,0.000000,0.000000,4.508000,,0.671100,55.849600,53.346508,1.000000,2.769100,68.000000,,,,4.309400,0.041652,7.967926,4.283800,0.039652,3.877645,4.233200,0.035985,-3.677944,4.208300,0.034305,-7.168224
3136BHB73,Structured Agency CMBS,4.338075,4.419127,0.241170,0.038772,2714.035170,-0.018600,-0.043000,0.633100,3.847500,0.000000,0.000000,0.000000,4.677200,,0.000000,60.035100,57.565437,1.000000,2.837300,64.000000,,,,4.473400,0.042915,8.196088,4.446800,0.040787,3.985153,4.394200,0.036895,-3.773480,4.368300,0.035116,-7.348393
3136BHMX4,Structured Agency CMBS,4.311746,4.593460,0.261223,0.040569,8113.720200,-0.015900,-0.038200,0.130200,4.517200,0.000000,0.000000,0.000000,4.901200,,0.187000,56.884800,54.449924,1.000000,3.226600,62.000000,,,,4.656100,0.045124,8.596175,4.627100,0.042797,4.174670,4.569900,0.038558,-3.943870,4.541600,0.036626,-7.671792
3136BPSC6,Structured Agency CMBS,4.668213,5.451186,0.382178,0.053671,86358.317746,0.020000,0.034900,0.078100,3.654500,1.663500,0.000000,0.000000,6.389400,,2.733300,84.979200,82.900276,0.907155,5.152100,45.000000,,,,5.561100,0.061164,11.528735,5.500700,0.057216,5.560081,5.380000,0.050181,-5.183589,5.319700,0.047046,-10.019940
3136BQL64,Structured Agency CMBS,4.354255,3.960312,0.204017,0.040005,40004.823000,0.014700,0.015400,1.060200,2.869900,0.000000,0.000000,0.000000,4.462600,,0.556000,62.328100,59.896591,1.000000,6.019200,31.000000,,,,4.020600,0.044003,8.430400,3.990400,0.041947,4.105543,3.930700,0.038173,-3.899386,3.901200,0.036441,-7.604866
3137F9CT6,Structured Agency CMBS,4.272847,4.335446,0.233442,0.038689,10538.084216,-0.015500,-0.037600,0.769400,3.619000,0.000000,0.000000,0.000000,4.614100,0.000900,,53.902600,51.297169,1.000000,2.854000,64.000000,,,,4.391400,0.042777,8.172437,4.364600,0.040684,3.975156,4.311800,0.036854,-3.766760,4.285700,0.035100,-7.337887
3137FHQ71,Structured Agency CMBS,4.577178,6.169967,0.476015,0.059658,7540.735682,0.009200,0.005400,0.011900,3.359300,2.783800,0.000000,0.000000,7.270900,0.000900,,72.835900,70.425400,1.000000,4.525000,93.000000,,,,6.292100,0.068961,12.908087,6.225100,0.064052,6.202394,6.090600,0.055393,-5.741844,6.023000,0.051574,-11.061810
3137H9JG5,Structured Agency CMBS,4.461167,5.605541,0.392639,0.054133,10826.516800,0.007400,0.002400,0.004600,3.948700,1.642200,0.000000,0.000000,6.466200,0.000900,,64.976100,62.494484,1.000000,4.615800,42.000000,,,,5.705500,0.061732,11.626882,5.652100,0.057752,5.607730,5.545300,0.050652,-5.228347,5.491900,0.047485,-10.106561
3137H9M89,Structured Agency CMBS,4.454123,5.546407,0.386209,0.053541,16062.434400,0.007200,0.002100,0.051300,3.892400,1.593200,0.000000,0.000000,6.390500,0.000900,,64.430000,61.953049,1.000000,4.570600,42.000000,,,,5.648000,0.061015,11.495118,5.594100,0.057104,5.545344,5.486500,0.050125,-5.172315,5.432800,0.047012,-10.000274
3137HA4B9,Structured Agency CMBS,4.241855,3.211079,0.138245,0.032349,8087.206750,0.013400,0.032500,2.272600,0.892500,0.000000,0.000000,0.000000,3.539100,0.000900,,52.543600,49.903843,1.000000,5.077200,41.000000,,,,3.256400,0.035006,6.758277,3.234700,0.033656,3.305686,3.191900,0.031145,-3.166380,3.170900,0.029978,-6.200595
3137HCXK3,Structured Agency CMBS,4.573587,6.301207,0.505540,0.064977,25932.420874,0.017300,0.019600,0.048100,2.904800,3.311100,0.000000,0.000000,7.708800,0.000900,,70.684100,68.291862,1.000000,5.929000,27.000000,,,,6.447000,0.075574,14.104289,6.367700,0.069971,6.766067,6.208300,0.060143,-6.244356,6.128200,0.055832,-12.012599
3137HHJG7,Structured Agency CMBS,4.440148,4.749072,0.288394,0.048170,7225.486650,0.015600,0.016900,0.041300,4.222400,0.452800,0.000000,0.000000,5.486100,0.001400,,67.459600,65.033562,1.000000,5.407000,19.000000,,,,4.830100,0.053941,10.247461,4.788000,0.050943,4.966567,4.704200,0.045516,-4.673917,4.662400,0.043060,-9.075175
3137HHJL6,Structured Agency CMBS,4.231318,3.038510,0.124787,0.030972,8904.492837,0.017100,0.019900,2.466700,0.534800,0.000000,0.000000,0.000000,3.351200,0.000900,,51.548400,48.900974,1.000000,5.645600,20.000000,,,,3.078900,0.033372,6.457562,3.059000,0.032148,3.161840,3.019700,0.029864,-3.034607,3.000400,0.028799,-5.948255
3137HHUX7,Structured Agency CMBS,4.204775,3.189814,0.135574,0.032002,16000.857500,0.011800,0.010700,2.369000,0.798200,0.000000,0.000000,0.000000,3.501700,0.000900,,48.970700,46.246372,1.000000,5.156200,18.000000,,,,3.232700,0.034592,6.681490,3.211800,0.033272,3.269218,3.170700,0.030816,-3.133244,3.150500,0.029674,-6.137286
3137HHW23,Structured Agency CMBS,4.233050,3.240260,0.139343,0.032458,9737.347500,0.011600,0.010700,2.309400,0.908300,0.000000,0.000000,0.000000,3.560400,0.000900,,51.625400,49.075039,1.000000,5.134700,17.000000,,,,3.283600,0.035118,6.779996,3.262300,0.033761,3.316532,3.220300,0.031235,-3.177010,3.199600,0.030060,-6.221245
3137HKDD3,Structured Agency CMBS,4.372606,4.865358,0.301810,0.049210,30110.991253,0.014200,0.014600,0.035700,4.206700,0.594100,0.000000,0.000000,5.619700,0.000900,,60.183600,57.685905,1.000000,5.271500,16.000000,,,,4.951400,0.055271,10.482757,4.907700,0.052130,5.077140,4.820900,0.046460,-4.771737,4.777600,0.043898,-9.259321
912797TP2,Treasuries,3.604316,0.233625,0.001138,0.002317,29.771857,0.233600,0.000000,0.000000,0.000000,0.000000,0.000000,0.000000,0.230600,,,-11.357900,-11.357899,,,,,,,0.230200,0.002294,0.465643,0.229100,0.002277,0.232253,0.226800,0.002244,-0.231125,0.225700,0.002228,-0.461129
912828Z78,Treasuries,3.732073,0.741704,0.011053,0.007322,3661.134000,0.741700,0.000000,0.000000,0.000000,0.000000,0.000000,0.000000,0.750000,,,-0.448800,-0.448803,,,,,,,0.744000,0.007456,1.486600,0.740300,0.007363,0.737721,0.733000,0.007183,-0.726809,0.729400,0.007096,-1.442948
91282CDK4,Treasuries,3.705198,0.579903,0.006893,0.005747,5747.378000,0.579900,0.000000,0.000000,0.000000,0.000000,0.000000,0.000000,0.583300,,,-3.830600,-3.830562,,,,,,,0.577200,0.005788,1.163304,0.574300,0.005725,0.578173,0.568600,0.005603,-0.571341,0.565800,0.005543,-1.135973
91282CDQ1,Treasuries,3.716127,0.661143,0.008913,0.006532,16330.145000,0.661100,0.000000,0.000000,0.000000,0.000000,0.000000,0.000000,0.666700,,,-2.999200,-2.999214,,,,,,,0.659800,0.006606,1.324265,0.656500,0.006529,0.657637,0.650000,0.006380,-0.648831,0.646800,0.006307,-1.289033
91282CFM8,Treasuries,3.868706,1.356682,0.032180,0.013660,30734.673750,0.786700,0.570000,0.000000,0.000000,0.000000,0.000000,0.000000,1.416700,,,10.779600,10.779610,,,,,,,1.375600,0.014235,2.798143,1.368600,0.013969,1.382347,1.354800,0.013458,-1.349944,1.348100,0.013214,-2.668487
91282CFU0,Treasuries,3.881470,1.438516,0.035300,0.014436,14435.736000,0.731400,0.707100,0.000000,0.000000,0.000000,0.000000,0.000000,1.500000,,,11.535700,11.535733,,,,,,,1.456800,0.015050,2.959536,1.449300,0.014756,1.461467,1.434700,0.014193,-1.426039,1.427600,0.013924,-2.817778
91282CFZ9,Treasuries,3.880963,1.494966,0.037831,0.015188,15188.226000,0.621500,0.873400,0.000000,0.000000,0.000000,0.000000,0.000000,1.583300,,,12.196600,12.196604,,,,,,,1.515900,0.015873,3.116243,1.507700,0.015550,1.538244,1.491900,0.014933,-1.499804,1.484100,0.014638,-2.962432
91282CFZ9,Treasuries,3.880963,1.494966,0.037831,0.015188,15188.226000,0.621500,0.873400,0.000000,0.000000,0.000000,0.000000,0.000000,1.583300,,,12.196600,12.196604,,,,,,,1.515900,0.015873,3.116243,1.507700,0.015550,1.538244,1.491900,0.014933,-1.499804,1.484100,0.014638,-2.962432
91282CGP0,Treasuries,3.883996,1.735397,0.047814,0.017504,33781.959580,0.293700,1.441700,0.000000,0.000000,0.000000,0.000000,0.000000,1.830600,,,14.045300,14.045263,,,,,,,1.760900,0.018395,3.599553,1.751600,0.017978,1.774754,1.733400,0.017184,-1.726521,1.724400,0.016805,-3.406540
91282CJT9,Treasuries,3.723463,0.695191,0.009853,0.007046,7045.604000,0.695200,0.000000,0.000000,0.000000,0.000000,0.000000,0.000000,0.708300,,,-2.490600,-2.490589,,,,,,,0.694400,0.007137,1.429377,0.690800,0.007050,0.709587,0.683900,0.006883,-0.699601,0.680500,0.006802,-1.389428
91282CKA8,Treasuries,3.756896,0.774263,0.012149,0.007830,14680.681875,0.774300,0.000000,0.000000,0.000000,0.000000,0.000000,0.000000,0.791700,,,2.132200,2.132151,,,,,,,0.778800,0.007999,1.590901,0.774900,0.007897,0.789159,0.767200,0.007699,-0.776872,0.763400,0.007602,-1.541744
91282CKE0,Treasuries,3.744337,0.851306,0.014720,0.008595,15040.716250,0.851300,0.000000,0.000000,0.000000,0.000000,0.000000,0.000000,0.875000,,,-0.430900,-0.430943,,,,,,,0.857300,0.008805,1.749178,0.853000,0.008686,0.866960,0.844500,0.008454,-0.852100,0.840400,0.008343,-1.689723
91282CKJ9,Treasuries,3.765867,0.927845,0.017389,0.009359,33926.349625,0.927800,0.000000,0.000000,0.000000,0.000000,0.000000,0.000000,0.958300,,,2.483200,2.483173,,,,,,,0.939900,0.009660,1.907542,0.935200,0.009522,0.944747,0.926000,0.009255,-0.927206,0.921500,0.009126,-1.837358
91282CKR1,Treasuries,3.801860,0.986117,0.019598,0.010134,9374.092450,0.937000,0.049100,0.000000,0.000000,0.000000,0.000000,0.000000,1.041700,,,5.535000,5.534960,,,,,,,1.000400,0.010488,2.067900,0.995200,0.010329,1.023579,0.985000,0.010024,-1.003436,0.980000,0.009877,-1.987307
91282CKV2,Treasuries,3.802407,1.067160,0.022149,0.010951,16427.196000,0.920000,0.147100,0.000000,0.000000,0.000000,0.000000,0.000000,1.125000,,,5.453700,5.453668,,,,,,,1.083700,0.011364,2.236645,1.078100,0.011183,1.106617,1.067100,0.010835,-1.083885,1.061700,0.010668,-2.145692
91282CKZ3,Treasuries,3.833785,1.150498,0.024893,0.011723,23446.662000,0.904700,0.245800,0.000000,0.000000,0.000000,0.000000,0.000000,1.208300,,,8.032200,8.032219,,,,,,,1.168000,0.012182,2.396403,1.162000,0.011978,1.185134,1.150200,0.011587,-1.159767,1.144400,0.011399,-2.294904
91282CLG4,Treasuries,3.858865,1.236336,0.027821,0.012441,46652.812500,0.870900,0.365500,0.000000,0.000000,0.000000,0.000000,0.000000,1.291700,,,10.852300,10.852317,,,,,,,1.256900,0.012968,2.545276,1.250400,0.012740,1.258207,1.237900,0.012304,-1.230209,1.231700,0.012094,-2.433251
91282CLL3,Treasuries,3.852615,1.320893,0.030831,0.013181,8237.844375,0.815900,0.505000,0.000000,0.000000,0.000000,0.000000,0.000000,1.375000,,,8.855300,8.855282,,,,,,,1.338200,0.013714,2.698923,1.331400,0.013463,1.333589,1.318000,0.012980,-1.302821,1.311500,0.012749,-2.575816
91282CLQ2,Treasuries,3.874008,1.399277,0.033778,0.014015,15766.860375,0.759200,0.640100,0.000000,0.000000,0.000000,0.000000,0.000000,1.458300,,,11.039900,11.039939,,,,,,,1.417900,0.014609,2.872112,1.410600,0.014329,1.418586,1.396500,0.013794,-1.384751,1.389500,0.013537,-2.736729
91282CLX7,Treasuries,3.881539,1.450639,0.036146,0.014833,12978.802375,0.670400,0.780200,0.000000,0.000000,0.000000,0.000000,0.000000,1.541700,,,11.592900,11.592854,,,,,,,1.469300,0.015471,3.042137,1.461400,0.015162,1.501964,1.445900,0.014573,-1.465000,1.438300,0.014290,-2.894232
91282CMF5,Treasuries,3.887079,1.613338,0.042639,0.016427,16427.429000,0.474000,1.139400,0.000000,0.000000,0.000000,0.000000,0.000000,1.708300,,,13.080300,13.080308,,,,,,,1.634600,0.017195,3.374360,1.625800,0.016825,1.664691,1.608700,0.016119,-1.621270,1.600300,0.015782,-3.200610
