cusip,Forwardyield,Yieldcurrentmargin,OAS,ForwardWAL,LongtermfWDCPR,Duration,Convexity,effectiveDuration,Effectiveconvexity,price_last_close,price_bps_-300,price_bps_-200,price_bps_-100,price_bps_-50,price_bps_-25,price_bps_-10,price_bps_-5,price_bps_+5,price_bps_+10,price_bps_+25,price_bps_+50,price_bps_+100,price_bps_+200,price_bps_+300
YB008EE97,2.993883,-91.82,-137.6892,9.523017,6.5499,7.680435,0.9961,6.608394,-1.029584,100.0,,,,,,,,,,,,,,
YB008FTJ6,3.494396,-40.8313,-89.8207,9.18303,7.0843,7.209691,0.8901,6.077056,-1.018112,100.0,,,,,,,,,,,,,,
YB008HEX7,3.995049,10.3672,-44.7166,8.809323,7.739,6.750924,0.793,5.360651,-1.295941,100.0,,,,,,,,,,,,,,
YB008K8Y5,4.498475,60.1182,-3.7867,8.742029,8.0228,6.541627,0.7374,4.716761,-1.844885,100.0,,,,,,,,,,,,,,
YB008M1G7,5.000932,110.8757,37.3914,8.042341,9.2817,5.985218,0.615,3.976867,-2.174008,100.0,,,,,,,,,,,,,,
YB008NHD5,5.495933,163.222,87.5545,6.266779,12.9483,4.736573,0.417,3.446683,-2.042953,100.0,,,,,,,,,,,,,,
YB008PUQ6,5.977289,214.4297,139.9675,4.500079,18.7754,3.451745,0.2611,3.079879,-1.894036,100.0,,,,,,,,,,,,,,
YB008R051,6.44962,265.1836,197.3489,3.534377,23.9212,2.754844,0.1803,2.829803,-1.70061,100.0,,,,,,,,,,,,,,
YB008S1M1,6.923676,314.782,254.4313,3.003826,27.8755,2.364235,0.1379,2.61059,-1.463756,100.0,,,,,,,,,,,,,,
